-- -------------------------------------------------------------
-- TablePlus 3.5.3(314)
--
-- https://tableplus.com/
--
-- Database: PortalPartnerrr
-- Generation Time: 2020-05-28 6:04:45.1300 PM
-- -------------------------------------------------------------

INSERT INTO [dbo].[m_app] ([id], [name]) VALUES
('1', N'Portal SBU'),
('2', N'Portal Partner');

INSERT INTO [dbo].[m_grup] ([id], [created_by], [created_date], [last_modified_by], [last_modified_date], [is_deleted], [name], [status]) VALUES
('2', N'admin', '2019-06-17 10:54:33.7270000', N'admin', '2019-06-17 10:54:33.7270000', '0', N'Internal', '1'),
('3', N'admin', '2019-07-08 01:40:50.7300000', N'admin', '2019-07-08 01:40:50.7300000', '0', N'External All Menu', '1'),
('4', N'admin', '2019-07-08 01:40:50.7300000', N'admin', '2019-07-08 01:40:50.7300000', '0', N'External Without Pending Amount', '1'),
('5', N'admin', '2019-07-08 01:40:50.7300000', N'admin', '2019-07-08 01:40:50.7300000', '0', N'External - Claim Inquiry', '1'),
('6', N'admin', '2020-01-20 14:59:14.8310000', N'admin', '2020-01-20 14:59:14.8310000', '0', N'Test', '0');

INSERT INTO [dbo].[m_modul] ([id], [created_by], [created_date], [last_modified_by], [last_modified_date], [icon], [is_add], [is_deleted], [is_edit], [is_parent], [is_view], [name], [parent], [uri], [app_id], [claim_status_code]) VALUES
('5', N'admin', '2019-06-20 23:31:15.7910000', N'admin', '2019-06-20 23:31:15.7910000', N'create_new_folder', '0', '0', '1', '1', '1', N'Registration New Claim', NULL, NULL, '2', NULL),
('6', N'admin', '2019-06-21 08:49:06.3240000', N'admin', '2019-06-21 08:49:06.3240000', N'list_alt', '0', '0', '1', '1', '1', N'List Outstanding', NULL, NULL, '2', NULL),
('7', N'admin', '2019-06-21 08:49:52.8140000', N'admin', '2019-06-21 08:49:52.8140000', N'', '0', '0', '0', '0', '0', N'Draft List', '6', NULL, '2', N'SC001'),
('8', N'admin', '2019-06-21 08:50:23.5160000', N'admin', '2019-06-21 08:50:23.5160000', N'', '0', '0', '1', '0', '0', N'Document Checking List', '6', NULL, '2', N'SC002'),
('9', N'admin', '2019-06-21 08:50:57.9290000', N'admin', '2019-06-21 08:50:57.9290000', N'', '0', '0', '0', '0', '1', N'Claim Revision List', '6', NULL, '2', N'SC003'),
('10', N'admin', '2019-06-21 08:51:28.5440000', N'admin', '2019-06-21 08:51:28.5440000', N'', '1', '0', '0', '0', '1', N'Waiting Claim Amount List', '6', NULL, '2', N'SC004'),
('11', N'admin', '2019-06-21 08:51:53.5970000', N'admin', '2019-06-21 08:51:53.5970000', N'', '1', '0', '0', '0', '0', N'Claim Process List', '6', NULL, '2', N'SC005'),
('12', N'admin', '2019-06-21 08:53:16.7330000', N'admin', '2019-06-21 08:53:16.7330000', N'insert_drive_file', '0', '0', '1', '1', '0', N'Claim Inquiry', NULL, NULL, '2', N'SC006');

INSERT INTO [dbo].[i_grup_modul] ([group_id], [modul_id]) VALUES
('3', '5'),
('3', '6'),
('3', '7'),
('3', '8'),
('3', '9'),
('3', '10'),
('3', '11'),
('3', '12'),
('4', '5'),
('4', '6'),
('4', '7'),
('4', '8'),
('4', '9'),
('4', '11'),
('4', '12'),
('5', '12');

INSERT INTO [dbo].[m_policy_claim_document] ([id], [created_by], [created_date], [last_modified_by], [last_modified_date], [condition], [is_copy_parent], [is_deleted], [status], [claim_id], [document_type]) VALUES
('4', N'admin', '2019-06-30 21:32:10.2450000', N'admin', '2019-06-30 21:32:10.2450000', '1', '0', '0', '1', '1', N'D00076'),
('5', N'admin', '2019-06-30 21:32:25.3250000', N'admin', '2019-06-30 21:32:25.3250000', '1', '0', '0', '1', '1', N'D00077'),
('6', N'admin', '2019-06-30 21:32:58.6840000', N'admin', '2019-06-30 21:32:58.6840000', '1', '0', '0', '1', '1', N'D00073'),
('8', N'admin', '2019-06-30 21:33:26.0490000', N'admin', '2019-06-30 21:33:26.0490000', '1', '0', '0', '1', '2', N'D00083'),
('9', N'admin', '2019-06-30 21:33:38.1170000', N'admin', '2019-06-30 21:33:38.1170000', '0', '0', '0', '1', '2', N'D00073'),
('11', N'admin', '2019-06-30 21:34:01.3150000', N'admin', '2019-06-30 21:34:01.3150000', '1', '1', '0', '1', '3', N'D00076'),
('12', N'admin', '2019-06-30 21:34:09.9000000', N'admin', '2019-06-30 21:34:09.9000000', '1', '1', '0', '1', '3', N'D00077'),
('13', N'admin', '2019-06-30 21:34:18.1750000', N'admin', '2019-06-30 21:34:18.1750000', '1', '1', '0', '1', '3', N'D00046'),
('14', N'admin', '2019-06-30 21:34:28.0940000', N'admin', '2019-06-30 21:34:28.0940000', '0', '0', '0', '1', '3', N'D00073'),
('16', N'admin', '2019-06-30 21:34:51.4850000', N'admin', '2019-06-30 21:34:51.4850000', '1', '1', '0', '1', '4', N'D00076'),
('17', N'admin', '2019-06-30 21:35:00.2200000', N'admin', '2019-06-30 21:35:00.2200000', '1', '1', '0', '1', '4', N'D00077'),
('18', N'admin', '2019-06-30 21:35:11.4180000', N'admin', '2019-06-30 21:35:11.4180000', '0', '1', '0', '1', '4', N'D00073'),
('20', N'admin', '2019-06-30 21:35:53.7740000', N'admin', '2019-06-30 21:35:53.7740000', '1', '0', '0', '1', '5', N'D00076'),
('21', N'admin', '2019-06-30 21:36:01.2750000', N'admin', '2019-06-30 21:36:01.2750000', '1', '1', '0', '1', '5', N'D00077'),
('22', N'admin', '2019-06-30 21:36:14.2210000', N'admin', '2019-06-30 21:36:14.2210000', '0', '1', '0', '1', '5', N'D00073'),
('24', N'admin', '2019-06-30 21:36:32.3500000', N'admin', '2019-06-30 21:36:32.3500000', '1', '0', '0', '1', '6', N'D00076'),
('25', N'admin', '2019-06-30 21:36:40.0660000', N'admin', '2019-06-30 21:36:40.0660000', '1', '0', '0', '1', '6', N'D00077'),
('26', N'admin', '2019-06-30 21:36:55.4570000', N'admin', '2019-06-30 21:36:55.4570000', '0', '0', '0', '1', '6', N'D00073'),
('28', N'admin', '2019-06-30 21:37:17.0300000', N'admin', '2019-06-30 21:37:17.0300000', '1', '0', '0', '1', '7', N'D00076'),
('29', N'admin', '2019-06-30 21:37:24.5350000', N'admin', '2019-06-30 21:37:24.5350000', '1', '0', '0', '1', '7', N'D00077'),
('30', N'admin', '2019-06-30 21:37:34.6360000', N'admin', '2019-06-30 21:37:34.6360000', '0', '0', '0', '1', '7', N'D00073'),
('32', N'admin', '2019-06-30 21:37:48.9430000', N'admin', '2019-06-30 21:37:48.9430000', '1', '0', '0', '1', '8', N'D00076'),
('33', N'admin', '2019-06-30 21:37:56.2160000', N'admin', '2019-06-30 21:37:56.2160000', '1', '0', '0', '1', '8', N'D00077'),
('34', N'admin', '2019-06-30 21:38:05.1180000', N'admin', '2019-06-30 21:38:05.1180000', '0', '0', '0', '1', '8', N'D00073'),
('36', N'admin', '2019-06-30 21:37:48.9430000', N'admin', '2019-06-30 21:37:48.9430000', '1', '1', '0', '1', '9', N'D00083'),
('37', N'admin', '2019-06-30 21:37:56.2160000', N'admin', '2019-06-30 21:37:56.2160000', '0', '1', '0', '1', '9', N'D00073'),
('38', N'admin', '2019-12-04 10:29:35.4266667', N'admin', '2019-12-04 10:29:35.4266667', '1', '0', '0', '1', '10', N'D00023'),
('39', N'admin', '2020-01-13 03:01:06.4366667', N'admin', '2020-01-13 03:01:06.4366667', '0', '0', '0', '1', '15', N'D00023'),
('40', N'admin', '2020-01-13 03:01:06.4366667', N'admin', '2020-01-13 03:01:06.4366667', '1', '0', '0', '1', '15', N'D00044'),
('41', N'admin', '2020-01-13 03:01:06.4366667', N'admin', '2020-01-13 03:01:06.4366667', '1', '0', '0', '1', '15', N'D00045'),
('42', N'admin', '2020-01-13 03:01:06.4366667', N'admin', '2020-01-13 03:01:06.4366667', '1', '0', '0', '1', '15', N'D00026'),
('43', N'admin', '2020-01-13 03:01:06.4366667', N'admin', '2020-01-13 03:01:06.4366667', '0', '0', '0', '1', '15', N'D00111'),
('44', N'admin', '2020-01-13 03:01:06.4366667', N'admin', '2020-01-13 03:01:06.4366667', '0', '0', '0', '1', '15', N'D00112'),
('45', N'admin', '2020-01-13 03:01:06.4366667', N'admin', '2020-01-13 03:01:06.4366667', '0', '0', '0', '1', '15', N'D00113'),
('46', N'admin', '2020-01-13 03:01:06.4366667', N'admin', '2020-01-13 03:01:06.4366667', '0', '0', '0', '1', '12', N'D00023'),
('47', N'admin', '2020-01-13 03:01:06.4366667', N'admin', '2020-01-13 03:01:06.4366667', '1', '0', '0', '1', '12', N'D00074'),
('48', N'admin', '2020-01-13 03:01:06.4366667', N'admin', '2020-01-13 03:01:06.4366667', '1', '0', '0', '1', '12', N'D00026'),
('49', N'admin', '2020-01-13 03:01:06.4366667', N'admin', '2020-01-13 03:01:06.4366667', '0', '0', '0', '1', '12', N'D00111'),
('50', N'admin', '2020-01-13 03:01:06.4366667', N'admin', '2020-01-13 03:01:06.4366667', '0', '0', '0', '1', '12', N'D00115'),
('51', N'admin', '2020-01-13 03:01:06.4366667', N'admin', '2020-01-13 03:01:06.4366667', '0', '0', '0', '1', '12', N'D00113'),
('52', N'admin', '2020-01-13 03:22:01.3733333', N'admin', '2020-01-13 03:22:01.3733333', '0', '0', '0', '1', '11', N'D00023'),
('53', N'admin', '2020-01-13 03:22:01.3733333', N'admin', '2020-01-13 03:22:01.3733333', '1', '0', '0', '1', '11', N'D00076'),
('54', N'admin', '2020-01-13 03:22:01.3733333', N'admin', '2020-01-13 03:22:01.3733333', '1', '0', '0', '1', '11', N'D00026'),
('55', N'admin', '2020-01-13 03:22:01.3733333', N'admin', '2020-01-13 03:22:01.3733333', '1', '0', '0', '1', '11', N'D00116'),
('56', N'admin', '2020-01-13 03:22:01.3733333', N'admin', '2020-01-13 03:22:01.3733333', '1', '0', '0', '1', '11', N'D00117'),
('57', N'admin', '2020-01-13 03:22:01.3733333', N'admin', '2020-01-13 03:22:01.3733333', '0', '0', '0', '1', '11', N'D00112'),
('58', N'admin', '2020-01-13 03:22:01.3733333', N'admin', '2020-01-13 03:22:01.3733333', '0', '0', '0', '1', '11', N'D00118'),
('59', N'admin', '2020-01-13 03:24:43.9300000', N'admin', '2020-01-13 03:24:43.9300000', '0', '0', '0', '1', '14', N'D00023'),
('60', N'admin', '2020-01-13 03:24:43.9300000', N'admin', '2020-01-13 03:24:43.9300000', '1', '0', '0', '1', '14', N'D00076'),
('61', N'admin', '2020-01-13 03:24:43.9300000', N'admin', '2020-01-13 03:24:43.9300000', '1', '0', '0', '1', '14', N'D00026'),
('62', N'admin', '2020-01-13 03:24:43.9300000', N'admin', '2020-01-13 03:24:43.9300000', '1', '0', '0', '1', '14', N'D00116'),
('63', N'admin', '2020-01-13 03:24:43.9300000', N'admin', '2020-01-13 03:24:43.9300000', '1', '0', '0', '1', '14', N'D00117'),
('64', N'admin', '2020-01-13 03:24:43.9300000', N'admin', '2020-01-13 03:24:43.9300000', '0', '0', '0', '1', '14', N'D00112'),
('65', N'admin', '2020-01-13 03:24:43.9300000', N'admin', '2020-01-13 03:24:43.9300000', '0', '0', '0', '1', '14', N'D00118'),
('66', N'admin', '2020-01-13 03:24:43.9300000', N'admin', '2020-01-13 03:24:43.9300000', '0', '0', '0', '1', '14', N'D00029'),
('67', N'admin', '2020-02-05 03:10:16.0933333', N'admin', '2020-02-05 03:10:16.0933333', '1', '0', '0', '1', '10', N'D00076'),
('68', N'admin', '2020-02-05 03:10:16.2966667', N'admin', '2020-02-05 03:10:16.2966667', '1', '0', '0', '1', '10', N'D00026'),
('69', N'admin', '2020-02-05 03:10:16.3900000', N'admin', '2020-02-05 03:10:16.3900000', '1', '0', '0', '1', '10', N'D00117'),
('70', N'admin', '2020-02-05 03:10:16.4400000', N'admin', '2020-02-05 03:10:16.4400000', '1', '0', '0', '1', '10', N'D00118'),
('71', N'admin', '2020-02-05 03:10:16.6233333', N'admin', '2020-02-05 03:10:16.6233333', '0', '0', '0', '1', '10', N'D00125'),
('72', N'admin', '2020-02-05 03:13:39.7700000', N'admin', '2020-02-05 03:13:39.7700000', '1', '0', '0', '1', '16', N'D00023'),
('73', N'admin', '2020-02-05 03:13:40.0700000', N'admin', '2020-02-05 03:13:40.0700000', '1', '0', '0', '1', '16', N'D00076'),
('74', N'admin', '2020-02-05 03:13:40.4000000', N'admin', '2020-02-05 03:13:40.4000000', '1', '0', '0', '1', '16', N'D00026'),
('75', N'admin', '2020-02-05 03:13:40.4600000', N'admin', '2020-02-05 03:13:40.4600000', '1', '0', '0', '1', '16', N'D00117'),
('76', N'admin', '2020-02-05 03:13:40.7300000', N'admin', '2020-02-05 03:13:40.7300000', '1', '0', '0', '1', '16', N'D00118'),
('77', N'admin', '2020-02-05 03:13:40.8633333', N'admin', '2020-02-05 03:13:40.8633333', '0', '0', '0', '1', '16', N'D00125'),
('78', N'admin', '2020-02-05 03:13:40.8633333', N'admin', '2020-02-05 03:13:40.8633333', '1', '0', '0', '1', '16', N'D00112'),
('79', N'admin', '2020-02-05 03:13:40.8633333', N'admin', '2020-02-05 03:13:40.8633333', '1', '0', '0', '1', '16', N'D00120');

INSERT INTO [dbo].[m_claim_document_file] ([id], [filename], [upload_by], [upload_date], [doc_id]) VALUES
('2', N'6f269da535f46af50d3d2378196f4e59.jpg', '1', '2019-07-08 01:32:37.7890000', '6'),
('3', N'avatar.png', '1', '2019-07-11 03:02:41.9250000', '6'),
('4', N'avatar.png', '1', '2019-07-11 03:08:52.3150000', '6'),
('5', N'6f269da535f46af50d3d2378196f4e59.jpg', '1', '2019-07-11 03:10:28.2820000', '6'),
('6', N'59295838_10156408549818067_6597831809818427392_o.jpg', '1', '2019-07-11 03:10:45.8130000', '6'),
('7', N'avatar.png', '1', '2019-07-11 03:13:30.0450000', '6'),
('8', N'avatar.png', '1', '2019-07-11 03:21:11.0380000', '6'),
('9', N'gettyimages-86108078-612x612.jpg', '1', '2019-07-11 04:22:52.9730000', '6'),
('10', N'gettyimages-86108078-612x612.jpg', '1', '2019-07-11 04:23:18.2240000', '6'),
('11', N'avatar.png', '1', '2019-07-11 04:26:05.8070000', '6'),
('12', N'avatar.png', '1', '2019-07-11 05:03:02.2730000', '6'),
('13', N'avatar.png', '1', '2019-07-11 05:26:30.3620000', '6'),
('14', N'avatar.png', '1', '2019-07-11 05:29:10.3530000', '6'),
('15', N'avatar.png', '1', '2019-07-11 05:30:34.9010000', '6'),
('16', N'avatar.png', '1', '2019-07-11 08:46:07.0400000', '6'),
('17', N'avatar.png', '1', '2019-07-11 09:54:06.0450000', '6'),
('18', N'avatar.png', '1', '2019-07-11 09:56:22.1320000', '6'),
('19', N'avatar.png', '1', '2019-07-11 09:58:48.5680000', '6'),
('20', N'avatar.png', '1', '2019-07-13 05:45:05.1020000', '6'),
('21', N'avatar.png', '1', '2019-07-13 12:15:58.4630000', '6'),
('22', N'avatar.png', '1', '2019-07-13 12:18:07.8320000', '6'),
('23', N'avatar.png', '1', '2019-07-14 17:14:45.3570000', '6'),
('24', N'avatar.png', '1', '2019-07-15 05:24:04.5830000', '6'),
('25', N'avatar.png', '1', '2019-07-15 05:27:27.5640000', '6'),
('26', N'avatar.png', '1', '2019-07-15 05:30:10.1490000', '6'),
('27', N'avatar.png', '1', '2019-07-15 05:37:22.6220000', '6'),
('28', N'avatar.png', '1', '2019-07-15 05:39:40.9640000', '6'),
('29', N'10006893_4be4de08-3b68-47f5-9199-827c6ad4487c_2000_2666.png', '1', '2019-07-15 05:39:41.9290000', '6'),
('30', N'ancient-arch-arch-bridge-507410.jpg', '1', '2019-07-15 05:39:42.1310000', '6'),
('31', N'avatar.png', '1', '2019-07-15 05:49:21.8790000', '6'),
('32', N'ancient-arch-arch-bridge-507410.jpg', '1', '2019-07-15 05:49:22.3790000', '6'),
('33', N'avatar.png', '1', '2019-07-15 05:51:47.7620000', '6'),
('34', N'ancient-arch-arch-bridge-507410.jpg', '1', '2019-07-15 05:51:48.4970000', '6'),
('35', N'avatar.png', '1', '2019-07-15 06:35:19.8600000', '6'),
('36', N'706346-0c729ca673fb1522e392890898b44e39.jpg', '1', '2019-07-15 08:05:42.2210000', '6'),
('37', N'10006893_4be4de08-3b68-47f5-9199-827c6ad4487c_2000_2666.png', '1', '2019-07-15 08:52:21.0770000', '6'),
('38', N'Test upload dokumen.pdf', '1', '2019-07-16 02:59:06.9970000', '6'),
('39', N'business-powerpoint-backgrounds.jpg', '1', '2019-07-16 06:12:37.0360000', '6'),
('40', N'cincin.jpg', '1', '2019-07-16 06:53:29.6660000', '13'),
('41', N'Kirby_(Air_Ride).jpg', '1', '2019-07-16 06:55:15.3150000', '13'),
('42', N'photo.jpg', '1', '2019-07-16 06:55:32.8940000', '13'),
('43', N'cincin.jpg', '1', '2019-07-16 07:24:30.3470000', '6'),
('44', N'index.jpg', '1', '2019-07-16 07:54:37.6160000', '6'),
('45', N'cropland-daylight-ecology-247599.jpg', '1', '2019-07-16 18:37:10.7970000', '6'),
('46', N'ancient-arch-arch-bridge-507410.jpg', '1', '2019-07-17 01:06:37.9820000', '6'),
('47', N'4k-wallpaper-background-beautiful-853199.jpg', '1', '2019-07-17 01:07:28.3790000', '6'),
('48', N'ancient-arch-arch-bridge-507410.jpg', '1', '2019-07-17 01:08:25.1350000', '6'),
('49', N'avatar.png', '1', '2019-07-17 01:15:50.1780000', '6'),
('50', N'ancient-arch-arch-bridge-507410.jpg', '1', '2019-07-17 01:17:55.5130000', '6'),
('51', N'avatar.png', '1', '2019-07-17 01:19:33.8280000', '6'),
('52', N'cropland-daylight-ecology-247599.jpg', '1', '2019-07-17 01:21:15.3580000', '6'),
('53', N'ancient-arch-arch-bridge-507410.jpg', '1', '2019-07-17 01:25:05.8550000', '6'),
('54', N'cropland-daylight-ecology-247599.jpg', '1', '2019-07-17 01:26:39.3290000', '6'),
('55', N'avatar.png', '1', '2019-07-17 01:28:29.6460000', '6'),
('56', N'avatar.png', '1', '2019-07-17 01:30:39.3880000', '6'),
('57', N'avatar.png', '1', '2019-07-17 01:33:49.3160000', '6'),
('58', N'avatar.png', '1', '2019-07-17 01:34:11.7940000', '6'),
('59', N'avatar.png', '1', '2019-07-17 01:34:41.3280000', '6'),
('60', N'706345-1b55cd7801d1b146d77d602f889361a5.jpg', '1', '2019-07-17 01:58:38.9370000', '6'),
('61', N'avatar.png', '1', '2019-07-17 01:59:05.0100000', '6'),
('62', N'avatar.png', '1', '2019-07-17 01:59:11.5870000', '6'),
('63', N'avatar.png', '1', '2019-07-17 02:05:49.4850000', '6'),
('64', N'ancient-arch-arch-bridge-507410.jpg', '1', '2019-07-17 02:23:02.0850000', '6'),
('65', N'avatar.png', '1', '2019-07-17 02:25:55.1120000', '6'),
('66', N'avatar.png', '1', '2019-07-17 02:30:52.9990000', '6'),
('67', N'avatar.png', '1', '2019-07-17 02:35:17.8050000', '6'),
('68', N'avatar.png', '1', '2019-07-17 02:36:51.2060000', '6'),
('69', N'avatar.png', '1', '2019-07-17 02:42:11.1690000', '6'),
('70', N'avatar.png', '1', '2019-07-17 02:44:41.2070000', '4'),
('71', N'avatar.png', '1', '2019-07-17 02:44:48.7510000', '4'),
('72', N'avatar.png', '1', '2019-07-17 08:38:34.8540000', '6'),
('73', N'4k-wallpaper-background-beautiful-853199.jpg', '1', '2019-07-17 08:38:41.4630000', '6'),
('74', N'avatar.png', '1', '2019-07-17 08:45:27.7980000', '6'),
('75', N'photo_carouse.jpg', '1', '2019-07-19 02:45:14.8650000', '6'),
('76', N'equity.png', '1', '2019-07-19 02:45:14.8650000', '6'),
('77', N'avatar.png', '1', '2019-07-19 02:47:01.8770000', '6'),
('78', N'avatar.png', '1', '2019-07-19 02:53:31.1630000', '6'),
('79', N'photo_carouse.jpg', '1', '2019-07-19 04:12:09.9550000', '6'),
('80', N'Equity Life.jpg', '1', '2019-07-19 04:13:33.1900000', '6'),
('81', N'photo_carouse.jpg', '1', '2019-07-19 06:44:25.0750000', '6'),
('82', N'Equity Life.jpg', '1', '2019-07-19 06:48:41.8340000', '6'),
('83', N'equity.png', '1', '2019-07-19 06:48:50.5070000', '6'),
('84', N'avatar.png', '1', '2019-07-19 06:57:58.3770000', '6'),
('85', N'avatar.png', '1', '2019-07-19 07:14:48.6310000', '9'),
('86', N'avatar.png', '1', '2019-07-19 07:23:42.5940000', '9'),
('87', N'photo_carouse.jpg', '1', '2019-07-19 07:27:38.4710000', '6'),
('88', N'Equity Life.jpg', '1', '2019-07-19 07:27:54.6070000', '6'),
('89', N'avatar.png', '1', '2019-07-19 07:37:52.7370000', '9'),
('90', N'4.jpg', '1', '2019-07-19 07:41:38.1000000', '6'),
('91', N'Rumah Sakit Rekanan.jpeg', '1', '2019-07-19 08:10:06.3820000', '6'),
('92', N'Rumah Sakit Rekanan.jpeg', '1', '2019-07-19 08:10:32.6660000', '6'),
('93', N'Equity Life.jpg', '1', '2019-07-19 08:10:49.7870000', '6'),
('94', N'photo_carouse.jpg', '1', '2019-07-19 08:18:15.2930000', '6'),
('95', N'Equity Life.jpg', '1', '2019-07-19 08:18:52.3220000', '6'),
('96', N'photo_carouse.jpg', '1', '2019-07-19 08:19:25.3810000', '6'),
('97', N'4k-wallpaper-background-beautiful-853199.jpg', '1', '2019-07-19 09:48:22.4420000', '9'),
('98', N'avatar.png', '1', '2019-07-19 09:52:47.0060000', '9'),
('99', N'gettyimages-86108078-612x612.jpg', '1', '2019-07-22 14:35:39.0330000', '6'),
('100', N'gettyimages-86108078-612x612.jpg', '1', '2019-07-22 08:05:36.1240000', '6'),
('101', N'avatar.png', '1', '2019-07-22 08:12:10.4880000', '6'),
('102', N'avatar.png', '1', '2019-07-22 08:17:12.6810000', '9'),
('103', N'cropland-daylight-ecology-247599.jpg', '1', '2019-07-22 08:34:13.5450000', '6'),
('104', N'Dukcapil.png', '1', '2019-07-23 01:45:41.5630000', '6'),
('105', N'Equity Life.jpg', '1', '2019-07-23 01:46:10.4500000', '6'),
('106', N'Dukcapil.png', '1', '2019-07-23 01:50:35.8860000', '6'),
('107', N'photo_carouse.jpg', '1', '2019-07-23 01:50:54.6890000', '6'),
('108', N'Equity Life.jpg', '1', '2019-07-23 01:54:45.2850000', '4'),
('109', N'equity.png', '1', '2019-07-23 01:54:56.3890000', '4'),
('110', N'Equity Life.jpg', '1', '2019-07-23 01:55:17.4690000', '5'),
('111', N'Rumah Sakit Rekanan.jpeg', '1', '2019-07-23 01:55:30.1760000', '5'),
('112', N'Dukcapil.png', '1', '2019-07-23 03:06:08.1780000', '6'),
('113', N'avatar.png', '1', '2019-07-23 03:09:22.5800000', '6'),
('114', N'Equity Life.jpg', '1', '2019-07-23 03:53:57.3840000', '9'),
('115', N'photo_carouse.jpg', '1', '2019-07-23 03:56:13.3320000', '9'),
('116', N'Equity Life.jpg', '1', '2019-07-23 03:56:49.3740000', '8'),
('117', N'Dukcapil.png', '1', '2019-07-23 04:14:27.1650000', '6'),
('118', N'Equity Life.jpg', '1', '2019-07-23 04:14:52.7680000', '4'),
('119', N'Rumah Sakit Rekanan.jpeg', '1', '2019-07-23 04:15:15.3130000', '5'),
('120', N'avatar.png', '1', '2019-07-23 04:19:33.2680000', '6'),
('121', N'ancient-arch-arch-bridge-507410.jpg', '1', '2019-07-23 04:19:49.6160000', '4'),
('122', N'avatar.png', '1', '2019-07-23 04:20:15.5580000', '5'),
('123', N'706346-0c729ca673fb1522e392890898b44e39.jpg', '1', '2019-07-23 06:33:37.3800000', '6'),
('124', N'avatar.png', '1', '2019-07-23 06:33:54.4660000', '4'),
('125', N'avatar.png', '1', '2019-07-23 06:34:03.8690000', '5'),
('126', N'ancient-arch-arch-bridge-507410.jpg', '1', '2019-07-23 06:56:57.7200000', '6'),
('127', N'avatar.png', '1', '2019-07-23 08:51:01.7410000', '6'),
('128', N'706346-0c729ca673fb1522e392890898b44e39.jpg', '1', '2019-07-23 08:52:19.1240000', '6'),
('129', N'706345-1b55cd7801d1b146d77d602f889361a5.jpg', '1', '2019-07-23 08:52:19.1770000', '6'),
('130', N'avatar.png', '1', '2019-07-23 09:02:12.5550000', '6'),
('131', N'avatar.png', '1', '2019-07-23 09:54:01.0240000', '4'),
('132', N'706345-1b55cd7801d1b146d77d602f889361a5.jpg', '1', '2019-07-23 09:55:00.8630000', '4'),
('133', N'avatar.png', '1', '2019-07-23 10:14:18.4130000', '4'),
('134', N'notebook.png', '1', '2019-07-23 10:22:13.5710000', '8'),
('135', N'notebook.png', '1', '2019-07-23 10:32:55.3100000', '5'),
('136', N'notebook.png', '1', '2019-07-23 11:16:56.4490000', '5'),
('137', N'photo_carouse.jpg', '1', '2019-07-24 01:27:44.5800000', '4'),
('138', N'Dukcapil.png', '1', '2019-07-24 01:27:53.5070000', '4'),
('139', N'HLD Data.pdf', '1', '2019-07-24 01:38:45.0230000', '9'),
('140', N'Dukcapil.png', '1', '2019-07-24 01:39:20.5070000', '9'),
('141', N'photo_carouse.jpg', '1', '2019-07-24 01:40:19.9880000', '9'),
('142', N'Email Production.pdf', '1', '2019-07-24 01:40:46.0350000', '9'),
('143', N'photo_carouse.jpg', '1', '2019-07-24 01:46:26.4370000', '9'),
('144', N'Rumah Sakit Rekanan.jpeg', '1', '2019-07-24 01:46:31.6220000', '9'),
('145', N'Dukcapil.png', '1', '2019-07-24 01:46:36.6530000', '9'),
('146', N'Daftar_Peserta_Vaksin_GardasilTahap_3.pdf', '1', '2019-07-24 01:47:29.5590000', '4'),
('147', N'MyOrgChart.png', '1', '2019-07-24 01:47:56.3020000', '5'),
('148', N'photo_carouse.jpg', '1', '2019-07-24 01:59:21.3660000', '9'),
('149', N'Rumah Sakit Rekanan.jpeg', '1', '2019-07-24 01:59:31.3520000', '9'),
('150', N'Dukcapil.png', '1', '2019-07-24 02:07:47.4910000', '8'),
('151', N'Equity Life.jpg', '1', '2019-07-24 02:07:57.9740000', '8'),
('152', N'Dukcapil.png', '1', '2019-07-24 03:00:11.0780000', '4'),
('153', N'Equity Life.jpg', '1', '2019-07-24 03:00:24.8890000', '4'),
('154', N'Daftar_Peserta_Vaksin_GardasilTahap_3.pdf', '1', '2019-07-24 03:08:28.9060000', '4'),
('155', N'MyOrgChart.png', '1', '2019-07-24 03:08:41.1850000', '5'),
('156', N'Dukcapil.png', '1', '2019-07-24 03:38:34.5140000', '4'),
('157', N'FR-FIN-016-R00 Rekap Transaksi-digabungkan.pdf', '1', '2019-07-24 03:39:31.0480000', '4'),
('158', N'Daftar_Peserta_Vaksin_GardasilTahap_3.pdf', '1', '2019-07-24 04:23:06.8620000', '4'),
('159', N'notebook.png', '1', '2019-07-24 04:23:20.3450000', '5'),
('160', N'FR-FIN-016-R00 Rekap Transaksi-digabungkan.pdf', '1', '2019-07-24 04:42:39.6320000', '9'),
('161', N'FR-FIN-016-R00 Rekap Transaksi-digabungkan.pdf', '1', '2019-07-24 04:47:58.4200000', '4'),
('162', N'FR-FIN-016-R00 Rekap Transaksi-digabungkan.pdf', '1', '2019-07-24 04:50:10.2710000', '5'),
('163', N'photo_carouse.jpg', '1', '2019-07-24 04:51:55.8790000', '5'),
('164', N'photo_carouse.jpg', '1', '2019-07-24 06:45:19.5860000', '9'),
('165', N'Dukcapil.png', '1', '2019-07-24 06:45:44.0100000', '9'),
('166', N'Equity Life.jpg', '1', '2019-07-24 06:46:34.7420000', '8'),
('167', N'Dukcapil.png', '1', '2019-07-24 06:46:48.0080000', '8'),
('168', N'avatar.png', '1', '2019-07-24 06:49:34.0160000', '4'),
('169', N'avatar.png', '1', '2019-07-24 07:21:06.9470000', '9'),
('170', N'avatar.png', '1', '2019-07-24 07:23:07.1430000', '4'),
('171', N'photo_carouse.jpg', '1', '2019-07-24 07:30:00.8730000', '9'),
('172', N'photo_carouse.jpg', '1', '2019-07-24 07:35:39.3270000', '4'),
('173', N'gettyimages-86108078-612x612.jpg', '1', '2019-07-24 14:56:29.6060000', NULL),
('174', N'photo_carouse.jpg', '1', '2019-07-24 07:57:50.2230000', '9'),
('175', N'Equity Life.jpg', '1', '2019-07-24 07:58:40.5550000', '9'),
('176', N'gettyimages-86108078-612x612.jpg', '1', '2019-07-24 15:18:10.3750000', NULL),
('177', N'avatar.png', '1', '2019-07-24 08:31:28.5400000', NULL),
('178', N'gettyimages-86108078-612x612.jpg', '1', '2019-07-24 15:33:23.2330000', NULL),
('179', N'avatar.png', '1', '2019-07-24 09:07:12.8000000', '4'),
('180', N'gettyimages-86108078-612x612.jpg', '1', '2019-07-24 16:12:59.7370000', NULL),
('181', N'photo_carouse.jpg', '1', '2019-07-24 09:28:53.9660000', '4'),
('182', N'Dukcapil.png', '1', '2019-07-24 09:29:23.0480000', '4'),
('183', N'Dukcapil.png', '1', '2019-07-24 09:30:06.6890000', '5'),
('184', N'equity.png', '1', '2019-07-24 09:30:15.0540000', '5'),
('185', N'ancient-arch-arch-bridge-507410.jpg', '1', '2019-07-24 09:31:32.3820000', NULL),
('186', N'cropland-daylight-ecology-247599.jpg', '1', '2019-07-24 09:32:36.7430000', '4'),
('187', N'ancient-arch-arch-bridge-507410.jpg', '1', '2019-07-24 09:32:36.8340000', '4'),
('188', N'706346-0c729ca673fb1522e392890898b44e39.jpg', '1', '2019-07-24 09:32:56.2950000', '5'),
('189', N'706345-1b55cd7801d1b146d77d602f889361a5.jpg', '1', '2019-07-24 09:32:56.8290000', '5'),
('190', N'706345-1b55cd7801d1b146d77d602f889361a5.jpg', '1', '2019-07-24 09:36:21.0700000', '4'),
('191', N'706346-0c729ca673fb1522e392890898b44e39.jpg', '1', '2019-07-24 09:36:21.1230000', '4'),
('192', N'Equity Life.jpg', '1', '2019-07-24 09:36:43.9080000', '4'),
('193', N'706345-1b55cd7801d1b146d77d602f889361a5.jpg', '1', '2019-07-24 09:36:53.4830000', '5'),
('194', N'706346-0c729ca673fb1522e392890898b44e39.jpg', '1', '2019-07-24 09:36:53.5060000', '5'),
('195', N'equity.png', '1', '2019-07-24 09:36:56.1790000', '4'),
('196', N'photo_carouse.jpg', '1', '2019-07-24 09:37:14.4270000', '5'),
('197', N'Rumah Sakit Rekanan.jpeg', '1', '2019-07-24 09:37:21.2300000', '5'),
('198', N'photo_carouse.jpg', '1', '2019-07-24 09:40:34.4220000', '4'),
('199', N'Equity Life.jpg', '1', '2019-07-24 09:40:41.2530000', '4'),
('200', N'equity.png', '1', '2019-07-24 09:40:55.6770000', '5'),
('201', N'photo_carouse.jpg', '1', '2019-07-24 09:41:01.3370000', '5'),
('202', N'gettyimages-86108078-612x612.jpg', '1', '2019-07-24 16:41:27.9340000', NULL),
('203', N'photo_carouse.jpg', '1', '2019-07-24 09:44:08.5510000', '9'),
('204', N'Dukcapil.png', '1', '2019-07-24 09:44:20.7200000', '8'),
('205', N'gettyimages-86108078-612x612.jpg', '1', '2019-07-24 09:45:11.5310000', NULL),
('206', N'706346-0c729ca673fb1522e392890898b44e39.jpg', '1', '2019-07-24 09:47:52.8180000', '9'),
('207', N'706345-1b55cd7801d1b146d77d602f889361a5.jpg', '1', '2019-07-24 09:47:52.8180000', '9'),
('208', N'avatar.png', '1', '2019-07-24 09:48:01.4800000', '8'),
('209', N'avatar.png', '1', '2019-07-24 09:50:48.9950000', '4'),
('210', N'706345-1b55cd7801d1b146d77d602f889361a5.jpg', '1', '2019-07-24 09:50:49.2320000', '4'),
('211', N'706346-0c729ca673fb1522e392890898b44e39.jpg', '1', '2019-07-24 09:50:49.2650000', '4'),
('212', N'avatar.png', '1', '2019-07-24 09:51:05.6410000', '5'),
('213', N'photo_carouse.jpg', '1', '2019-07-24 10:07:38.7440000', '4'),
('214', N'Equity Life.jpg', '1', '2019-07-24 10:07:45.8550000', '4'),
('215', N'photo_carouse.jpg', '1', '2019-07-24 10:08:06.7280000', '5'),
('216', N'Dukcapil.png', '1', '2019-07-24 10:08:13.4840000', '5'),
('217', N'Dukcapil.png', '1', '2019-07-24 10:14:08.1630000', '4'),
('218', N'Equity Life.jpg', '1', '2019-07-24 10:14:20.7320000', '4'),
('219', N'photo_carouse.jpg', '1', '2019-07-24 10:14:41.3080000', '5'),
('220', N'equity.png', '1', '2019-07-24 10:14:49.3440000', '5'),
('221', N'notebook.png', '1', '2019-07-24 12:11:11.8240000', NULL),
('222', N'notebook.png', '1', '2019-07-24 12:12:01.6640000', NULL),
('223', N'notebook.png', '1', '2019-07-24 12:12:50.7910000', NULL),
('224', N'photo_carouse.jpg', '1', '2019-07-25 01:48:58.7040000', '9'),
('225', N'Equity Life.jpg', '1', '2019-07-25 01:49:04.5960000', '9'),
('226', N'photo_carouse.jpg', '1', '2019-07-25 01:52:31.0070000', '8'),
('227', N'Dukcapil.png', '1', '2019-07-25 01:52:36.0320000', '8'),
('228', N'Equity Life.jpg', '1', '2019-07-25 02:22:46.7690000', '4'),
('229', N'photo_carouse.jpg', '1', '2019-07-25 02:22:58.3110000', '5'),
('230', N'Equity Life.jpg', '1', '2019-07-25 02:23:23.9360000', '4'),
('231', N'gettyimages-86108078-612x612.jpg', '1', '2019-07-25 03:57:03.4640000', NULL),
('232', N'avatar.png', '1', '2019-07-25 04:15:31.8150000', '4'),
('233', N'avatar.png', '1', '2019-07-25 04:17:15.1450000', '4'),
('234', N'avatar.png', '1', '2019-07-25 04:21:32.6790000', '4'),
('235', N'avatar.png', '1', '2019-07-25 04:22:57.4610000', '4'),
('236', N'Dukcapil.png', '1', '2019-07-25 04:25:48.0490000', '4'),
('237', N'avatar.png', '1', '2019-07-25 05:00:21.9140000', '4'),
('238', N'avatar.png', '1', '2019-07-25 05:00:39.2260000', '5'),
('239', N'gettyimages-86108078-612x612.jpg', '1', '2019-07-25 12:56:41.5570000', NULL),
('240', N'Dukcapil.png', '1', '2019-07-25 07:20:14.0210000', '4'),
('241', N'Equity Life.jpg', '1', '2019-07-25 07:20:21.8860000', '4'),
('242', N'photo_carouse.jpg', '1', '2019-07-25 07:20:42.9320000', '5'),
('243', N'Rumah Sakit Rekanan.jpeg', '1', '2019-07-25 07:20:53.6570000', '5'),
('244', N'Dukcapil.png', '1', '2019-07-25 07:44:53.7220000', '13'),
('245', N'Equity Life.jpg', '1', '2019-07-25 07:46:21.4890000', '13'),
('246', N'Rumah Sakit Rekanan.jpeg', '1', '2019-07-25 07:46:39.9260000', '14'),
('247', N'photo_carouse.jpg', '1', '2019-07-25 07:46:56.3190000', '11'),
('248', N'Equity Life.jpg', '1', '2019-07-25 07:47:02.7670000', '11'),
('249', N'Rumah Sakit Rekanan.jpeg', '1', '2019-07-25 07:47:27.7080000', '12'),
('250', N'angular-file-uploader - npm.pdf', '1', '2019-07-25 08:04:43.6960000', '4'),
('251', N'angular-file-uploader - npm.pdf', '1', '2019-07-25 08:07:08.2230000', '4'),
('252', N'avatar.png', '1', '2019-07-25 08:07:30.7880000', '4'),
('253', N'706345-1b55cd7801d1b146d77d602f889361a5.jpg', '1', '2019-07-25 08:08:24.9870000', '4'),
('254', N'avatar.png', '1', '2019-07-25 08:37:21.4500000', '4'),
('255', N'706345-1b55cd7801d1b146d77d602f889361a5.jpg', '1', '2019-07-25 08:37:21.6660000', '4'),
('256', N'706346-0c729ca673fb1522e392890898b44e39.jpg', '1', '2019-07-25 08:37:21.6970000', '4'),
('257', N'photo_carouse.jpg', '1', '2019-07-25 08:37:52.4850000', '4'),
('258', N'equity.png', '1', '2019-07-25 08:38:06.0000000', '5'),
('259', N'gettyimages-86108078-612x612.jpg', '1', '2019-07-25 08:55:43.1860000', NULL),
('260', N'gettyimages-86108078-612x612.jpg', '1', '2019-07-25 08:59:31.1780000', NULL),
('261', N'gettyimages-86108078-612x612.jpg', '1', '2019-07-25 09:03:05.4350000', NULL),
('262', N'Dukcapil.png', '1', '2019-07-25 09:24:26.9340000', '4'),
('263', N'equity.png', '1', '2019-07-25 09:24:38.1480000', '4'),
('264', N'photo_carouse.jpg', '1', '2019-07-25 09:25:03.7970000', '5'),
('265', N'equity.png', '1', '2019-07-25 09:25:12.7110000', '5'),
('266', N'gettyimages-86108078-612x612.jpg', '1', '2019-07-25 09:28:55.9020000', NULL),
('267', N'gettyimages-86108078-612x612.jpg', '1', '2019-07-25 09:31:47.1210000', NULL),
('268', N'gettyimages-86108078-612x612.jpg', '1', '2019-07-25 09:36:30.0570000', NULL),
('269', N'gettyimages-86108078-612x612.jpg', '1', '2019-07-25 09:37:18.6240000', NULL),
('270', N'photo_carouse.jpg', '1', '2019-07-26 02:02:33.8650000', '4'),
('271', N'Equity Life.jpg', '1', '2019-07-26 02:02:41.7560000', '4'),
('272', N'photo_carouse.jpg', '1', '2019-07-26 02:09:02.8240000', '4'),
('273', N'Dukcapil.png', '1', '2019-07-26 02:09:12.0070000', '4'),
('274', N'FR-FIN-016-R00 Rekap Transaksi-digabungkan.pdf', '1', '2019-07-26 02:45:57.2170000', '9'),
('275', N'photo_carouse.jpg', '1', '2019-07-26 03:13:38.0810000', '13'),
('276', N'FR-FIN-016-R00 Rekap Transaksi-digabungkan.pdf', '1', '2019-07-26 03:38:02.2170000', '9'),
('277', N'photo_carouse.jpg', '1', '2019-07-26 04:04:51.6680000', '9'),
('278', N'Dukcapil.png', '1', '2019-07-26 04:08:08.2520000', '4'),
('279', N'Equity Life.jpg', '1', '2019-07-26 07:28:25.4920000', '4'),
('280', N'photo_carouse.jpg', '1', '2019-07-29 01:57:25.9860000', '4'),
('281', N'Dukcapil.png', '1', '2019-07-29 01:57:38.8330000', '4'),
('282', N'Equity Life.jpg', '1', '2019-07-29 01:58:02.0500000', '5'),
('283', N'equity.png', '1', '2019-07-29 01:58:10.2270000', '5'),
('284', N'FR-FIN-016-R00 Rekap Transaksi-digabungkan.pdf', '1', '2019-07-29 02:34:09.5450000', '4'),
('285', N'FR-FIN-016-R00 Rekap Transaksi-digabungkan.pdf', '1', '2019-07-29 02:36:16.4350000', '5'),
('286', N'avatar.png', '1', '2019-07-29 07:36:36.5530000', '4'),
('287', N'706345-1b55cd7801d1b146d77d602f889361a5.jpg', '1', '2019-07-29 07:36:36.7760000', '4'),
('288', N'706346-0c729ca673fb1522e392890898b44e39.jpg', '1', '2019-07-29 07:36:37.2770000', '4'),
('289', N'avatar.png', '1', '2019-07-29 07:36:54.5310000', '5'),
('290', N'706345-1b55cd7801d1b146d77d602f889361a5.jpg', '1', '2019-07-29 07:36:54.8000000', '5'),
('291', N'706346-0c729ca673fb1522e392890898b44e39.jpg', '1', '2019-07-29 07:36:54.9760000', '5'),
('292', N'avatar.png', '1', '2019-07-29 07:40:51.6870000', '4'),
('293', N'706345-1b55cd7801d1b146d77d602f889361a5.jpg', '1', '2019-07-29 07:40:52.1990000', '4'),
('294', N'706346-0c729ca673fb1522e392890898b44e39.jpg', '1', '2019-07-29 07:40:52.2650000', '4'),
('295', N'avatar.png', '1', '2019-07-29 07:41:05.8320000', '5'),
('296', N'706345-1b55cd7801d1b146d77d602f889361a5.jpg', '1', '2019-07-29 07:41:06.1130000', '5'),
('297', N'706346-0c729ca673fb1522e392890898b44e39.jpg', '1', '2019-07-29 07:41:06.3840000', '5'),
('298', N'avatar.png', '1', '2019-07-29 07:45:48.9230000', '4'),
('299', N'706345-1b55cd7801d1b146d77d602f889361a5.jpg', '1', '2019-07-29 07:45:49.6000000', '4'),
('300', N'706346-0c729ca673fb1522e392890898b44e39.jpg', '1', '2019-07-29 07:45:49.6290000', '4'),
('301', N'avatar.png', '1', '2019-07-29 07:46:06.3860000', '5'),
('302', N'706346-0c729ca673fb1522e392890898b44e39.jpg', '1', '2019-07-29 07:46:06.4470000', '5'),
('303', N'706345-1b55cd7801d1b146d77d602f889361a5.jpg', '1', '2019-07-29 07:46:06.4620000', '5'),
('304', N'avatar.png', '1', '2019-07-29 08:06:33.5560000', '4'),
('305', N'706345-1b55cd7801d1b146d77d602f889361a5.jpg', '1', '2019-07-29 08:06:33.6370000', '4'),
('306', N'706346-0c729ca673fb1522e392890898b44e39.jpg', '1', '2019-07-29 08:06:33.6450000', '4'),
('307', N'avatar.png', '1', '2019-07-29 08:16:22.8280000', '4'),
('308', N'706346-0c729ca673fb1522e392890898b44e39.jpg', '1', '2019-07-29 08:16:22.9710000', '4'),
('309', N'706345-1b55cd7801d1b146d77d602f889361a5.jpg', '1', '2019-07-29 08:16:23.0110000', '4'),
('310', N'avatar.png', '1', '2019-07-29 08:19:55.9860000', '4'),
('311', N'706345-1b55cd7801d1b146d77d602f889361a5.jpg', '1', '2019-07-29 08:19:56.1910000', '4'),
('312', N'706346-0c729ca673fb1522e392890898b44e39.jpg', '1', '2019-07-29 08:19:56.2270000', '4'),
('313', N'avatar.png', '1', '2019-07-29 08:21:22.0440000', '5'),
('314', N'706345-1b55cd7801d1b146d77d602f889361a5.jpg', '1', '2019-07-29 08:21:22.1340000', '5'),
('315', N'706346-0c729ca673fb1522e392890898b44e39.jpg', '1', '2019-07-29 08:21:22.2260000', '5'),
('316', N'avatar.png', '1', '2019-07-30 03:38:14.3860000', '5'),
('317', N'706345-1b55cd7801d1b146d77d602f889361a5.jpg', '1', '2019-07-30 03:38:15.0200000', '5'),
('318', N'706345-1b55cd7801d1b146d77d602f889361a5.jpg', '1', '2019-07-30 04:54:45.5250000', '5'),
('319', N'706345-1b55cd7801d1b146d77d602f889361a5.jpg', '1', '2019-07-30 05:09:44.4970000', NULL),
('320', N'angular-file-uploader - npm.pdf', '1', '2019-07-30 05:16:40.7120000', '4'),
('321', N'angular-file-uploader - npm.pdf', '1', '2019-07-30 05:24:11.5570000', '4'),
('322', N'angular-file-uploader - npm.pdf', '1', '2019-07-30 05:25:34.4390000', '4'),
('323', N'avatar.png', '1', '2019-07-30 06:16:02.0510000', NULL),
('324', N'avatar (1).png', '1', '2019-07-30 06:17:53.9900000', NULL),
('325', N'avatar.png', '1', '2019-07-30 06:28:13.2160000', NULL),
('326', N'avatar (1).png', '1', '2019-07-30 07:01:21.8860000', '13'),
('327', N'avatar.png', '1', '2019-07-30 07:14:38.4220000', '4'),
('328', N'avatar.png', '1', '2019-07-30 07:56:10.8680000', '4'),
('329', N'avatar.png', '1', '2019-07-30 07:56:19.1770000', '5'),
('330', N'avatar.png', '1', '2019-07-30 23:40:28.2540000', NULL),
('331', N'avatar.png', '1', '2019-07-30 23:44:58.1560000', NULL),
('332', N'avatar.png', '1', '2019-07-30 23:46:17.6990000', NULL),
('333', N'avatar.png', '1', '2019-07-30 23:52:14.7870000', NULL),
('334', N'avatar.png', '1', '2019-07-30 23:54:48.9830000', NULL),
('335', N'avatar.png', '1', '2019-07-31 01:09:17.4210000', '4'),
('336', N'WhatsApp Image 2019-07-11 at 5.55.23 PM.jpeg', '1', '2019-07-31 01:09:17.5600000', '4'),
('337', N'avatar.png', '1', '2019-07-31 01:12:03.3360000', '4'),
('338', N'avatar.png', '1', '2019-07-31 01:13:16.7570000', '4'),
('339', N'avatar.png', '1', '2019-07-31 01:13:27.5240000', '5'),
('340', N'avatar.png', '1', '2019-07-31 03:44:11.8190000', NULL),
('341', N'avatar.png', '1', '2019-07-31 03:53:00.8830000', NULL),
('342', N'avatar.png', '1', '2019-07-31 03:54:15.8090000', NULL),
('343', N'avatar (2).png', '1', '2019-07-31 03:54:59.4840000', NULL),
('344', N'avatar (1).png', '1', '2019-07-31 03:58:21.7480000', NULL),
('345', N'avatar.png', '1', '2019-07-31 04:05:31.5750000', NULL),
('346', N'avatar (2).png', '1', '2019-07-31 04:05:55.7100000', NULL),
('347', N'avatar.png', '1', '2019-07-31 04:06:47.5880000', '4'),
('348', N'avatar.png', '1', '2019-07-31 04:07:36.6070000', NULL),
('349', N'avatar.png', '1', '2019-07-31 04:09:55.5930000', NULL),
('350', N'30112.pdf', '1', '2019-07-31 06:46:46.9660000', '4'),
('351', N'photo_carouse.jpg', '1', '2019-07-31 06:47:53.0580000', '5'),
('352', N'photo_carouse.jpg', '1', '2019-07-31 07:25:59.5690000', '4'),
('353', N'Rumah Sakit Rekanan.jpeg', '1', '2019-07-31 07:26:04.9210000', '4'),
('354', N'Dukcapil.png', '1', '2019-07-31 07:26:45.7770000', '4'),
('355', N'avatar (2).png', '1', '2019-07-31 07:27:59.0540000', '4'),
('356', N'avatar.png', '1', '2019-07-31 07:27:59.1050000', '4'),
('357', N'avatar (1).png', '1', '2019-07-31 07:27:59.1090000', '4'),
('358', N'avatar (2).png', '1', '2019-07-31 07:28:21.6700000', '5'),
('359', N'avatar.png', '1', '2019-07-31 07:28:21.6710000', '5'),
('360', N'avatar (1).png', '1', '2019-07-31 07:28:21.6830000', '5'),
('361', N'avatar (1).png', '1', '2019-07-31 07:28:30.6760000', '4'),
('362', N'avatar (2).png', '1', '2019-07-31 07:28:30.6760000', '4'),
('363', N'avatar.png', '1', '2019-07-31 07:28:30.6920000', '4'),
('364', N'avatar.png', '1', '2019-07-31 07:30:13.4730000', '5'),
('365', N'avatar (1).png', '1', '2019-07-31 07:30:13.4800000', '5'),
('366', N'avatar (2).png', '1', '2019-07-31 07:30:13.4970000', '5'),
('367', N'avatar (1).png', '1', '2019-07-31 07:33:08.2580000', '4'),
('368', N'avatar.png', '1', '2019-07-31 07:33:08.2840000', '4'),
('369', N'avatar (2).png', '1', '2019-07-31 07:33:08.3030000', '4'),
('370', N'suspension_10.jpg', '1', '2019-07-31 07:34:22.9520000', '5'),
('371', N'suspension.jpg', '1', '2019-07-31 07:34:22.9710000', '5'),
('372', N'avatar.png', '1', '2019-07-31 07:37:42.5810000', '4'),
('373', N'avatar (1).png', '1', '2019-07-31 07:37:42.5940000', '4'),
('374', N'avatar (2).png', '1', '2019-07-31 07:37:42.5980000', '4'),
('375', N'm-specs-1-3.jpg', '1', '2019-07-31 07:41:53.6330000', '5'),
('376', N'Equity Life.jpg', '1', '2019-07-31 07:42:55.4580000', '4'),
('377', N'photo_carouse.jpg', '1', '2019-07-31 07:50:31.3280000', '4'),
('378', N'avatar.png', '1', '2019-07-31 07:56:23.1880000', NULL),
('379', N'Dukcapil.png', '1', '2019-07-31 07:59:10.5380000', '4'),
('380', N'photo_carouse.jpg', '1', '2019-07-31 08:01:18.2330000', '4'),
('381', N'avatar.png', '1', '2019-07-31 08:04:30.0720000', NULL),
('382', N'avatar.png', '1', '2019-07-31 08:23:52.4000000', NULL),
('383', N'avatar (2).png', '1', '2019-07-31 08:25:23.4090000', NULL),
('384', N'avatar.png', '1', '2019-07-31 08:40:18.5010000', NULL),
('385', N'avatar (2).png', '1', '2019-07-31 08:40:18.5330000', NULL),
('386', N'avatar (1).png', '1', '2019-07-31 08:40:18.5740000', NULL),
('387', N'Rumah Sakit Rekanan.jpeg', '1', '2019-07-31 08:47:28.9840000', '4'),
('388', N'Hydrangeas.jpg', '1', '2019-08-01 02:10:42.0850000', '8'),
('389', N'TES 1.pdf', '1', '2019-08-01 02:11:12.4930000', '9'),
('390', N'photo_carouse.jpg', '1', '2019-08-01 07:08:41.5900000', '4'),
('391', N'Equity Life.jpg', '1', '2019-08-01 07:08:55.1620000', '5'),
('392', N'Dukcapil.png', '1', '2019-08-01 07:23:04.7090000', '4'),
('393', N'Equity Life.jpg', '1', '2019-08-01 07:44:39.6920000', '4'),
('394', N'Dukcapil.png', '1', '2019-08-01 07:44:39.7220000', '4'),
('395', N'Equity Life.jpg', '1', '2019-08-01 07:48:58.9920000', '5'),
('396', N'Equity Life.jpg', '1', '2019-08-01 08:11:59.6420000', NULL),
('397', N'TES 1.pdf', '1', '2019-08-01 08:23:31.7530000', '8'),
('398', N'photo_carousel-1559265509897.jpg', '1', '2019-08-01 08:23:39.5320000', '9'),
('399', N'photo_carousel-1559265509897.jpg', '1', '2019-08-01 08:30:21.0440000', NULL),
('400', N'photo_carouse.jpg', '1', '2019-08-01 09:01:20.7140000', '4'),
('401', N'Equity Life.jpg', '1', '2019-08-01 09:01:30.9750000', '4'),
('402', N'Equity Life.jpg', '1', '2019-08-01 09:13:54.2010000', '4'),
('403', N'Dukcapil.png', '1', '2019-08-01 09:14:11.1960000', '5'),
('404', N'Equity Life.jpg', '1', '2019-08-01 09:32:21.6470000', '4'),
('405', N'Dukcapil.png', '1', '2019-08-02 03:35:01.1890000', '4'),
('406', N'photo_carouse.jpg', '1', '2019-08-02 03:41:33.3460000', NULL),
('407', N'Dukcapil.png', '1', '2019-08-02 07:08:43.6070000', '4'),
('408', N'equity.png', '1', '2019-08-02 07:08:51.2760000', '4'),
('409', N'Rumah Sakit Rekanan.jpeg', '1', '2019-08-02 07:09:38.7500000', NULL),
('410', N'avatar.png', '1', '2019-08-05 01:45:36.9180000', '4'),
('411', N'FR-FIN-016-R00 Rekap Transaksi-digabungkan.pdf', '1', '2019-08-05 02:08:38.5490000', '4'),
('412', N'Dukcapil.png', '1', '2019-08-05 02:46:21.3450000', NULL),
('413', N'Dukcapil.png', '1', '2019-08-05 02:52:15.3260000', '4'),
('414', N'Equity Life.jpg', '1', '2019-08-05 02:52:21.3440000', '4'),
('415', N'Dukcapil.png', '1', '2019-08-05 02:56:11.0990000', '4'),
('416', N'avatar (1).png', '1', '2019-08-05 04:24:29.3670000', '4'),
('417', N'avatar.png', '1', '2019-08-05 04:24:29.4370000', '4'),
('418', N'avatar (2).png', '1', '2019-08-05 04:24:29.4390000', '4'),
('419', N'BMI•Business-model-canvas.pdf', '1', '2019-08-05 04:30:32.1940000', '4'),
('420', N'avatar.png', '1', '2019-08-05 04:49:41.3800000', '4'),
('421', N'avatar (2).png', '1', '2019-08-05 04:49:48.8890000', '5'),
('422', N'avatar.png', '1', '2019-08-05 04:50:34.4690000', '5'),
('423', N'avatar (1).png', '1', '2019-08-06 02:21:58.2740000', '4'),
('424', N'avatar.png', '1', '2019-08-06 02:22:03.3270000', '4'),
('425', N'avatar (2).png', '1', '2019-08-06 02:22:03.3270000', '4'),
('426', N'avatar (2).png', '1', '2019-08-06 02:24:07.1190000', '4'),
('427', N'avatar.png', '1', '2019-08-06 02:24:07.1690000', '4'),
('428', N'avatar (1).png', '1', '2019-08-06 02:24:07.1710000', '4'),
('429', N'avatar (1).png', '1', '2019-08-06 02:24:17.8930000', '5'),
('430', N'avatar (2).png', '1', '2019-08-06 02:24:17.9350000', '5'),
('431', N'avatar.png', '1', '2019-08-06 02:24:17.9920000', '5'),
('432', N'1.jpg', '1', '2019-08-06 02:46:56.2430000', '4'),
('433', N'logo.png', '1', '2019-08-06 02:48:54.9700000', '4'),
('434', N'avatar (1).png', '1', '2019-08-06 02:53:27.1720000', '4'),
('435', N'avatar.png', '1', '2019-08-06 02:53:27.2050000', '4'),
('436', N'avatar (2).png', '1', '2019-08-06 02:53:27.2210000', '4'),
('437', N'avatar (1).png', '1', '2019-08-06 02:53:38.2930000', '5'),
('438', N'avatar.png', '1', '2019-08-06 02:53:38.2930000', '5'),
('439', N'avatar (2).png', '1', '2019-08-06 02:53:38.3390000', '5'),
('440', N'avatar (1).png', '1', '2019-08-06 02:56:37.3570000', '4'),
('441', N'avatar (2).png', '1', '2019-08-06 02:56:37.3580000', '4'),
('442', N'avatar.png', '1', '2019-08-06 02:56:37.3770000', '4'),
('443', N'avatar (1).png', '1', '2019-08-06 02:56:46.2870000', '5'),
('444', N'avatar (2).png', '1', '2019-08-06 02:56:46.3470000', '5'),
('445', N'avatar.png', '1', '2019-08-06 02:56:46.3640000', '5'),
('446', N'avatar (1).png', '1', '2019-08-06 03:14:51.3440000', '4'),
('447', N'avatar (2).png', '1', '2019-08-06 03:14:51.3440000', '4'),
('448', N'avatar.png', '1', '2019-08-06 03:14:51.7190000', '4'),
('449', N'avatar (1).png', '1', '2019-08-06 03:15:02.7430000', '5'),
('450', N'avatar.png', '1', '2019-08-06 03:15:02.7430000', '5'),
('451', N'avatar (2).png', '1', '2019-08-06 03:15:02.7910000', '5'),
('452', N'avatar (1).png', '1', '2019-08-06 03:17:28.8710000', '5'),
('453', N'avatar (2).png', '1', '2019-08-06 03:17:28.8710000', '5'),
('454', N'avatar (1).png', '1', '2019-08-06 03:17:39.3220000', '4'),
('455', N'avatar (2).png', '1', '2019-08-06 03:17:39.3400000', '4'),
('456', N'avatar.png', '1', '2019-08-06 03:17:39.3510000', '4'),
('457', N'avatar.png', '1', '2019-08-06 03:21:08.5870000', '4'),
('458', N'avatar (2).png', '1', '2019-08-06 03:21:08.5870000', '4'),
('459', N'avatar (1).png', '1', '2019-08-06 03:21:08.5960000', '4'),
('460', N'avatar (1).png', '1', '2019-08-06 03:33:00.1830000', '4'),
('461', N'avatar.png', '1', '2019-08-06 03:33:00.2700000', '4'),
('462', N'avatar (2).png', '1', '2019-08-06 03:33:00.7310000', '4'),
('463', N'avatar (1).png', '1', '2019-08-06 03:35:21.9770000', '4'),
('464', N'avatar (2).png', '1', '2019-08-06 03:35:21.9800000', '4'),
('465', N'avatar.png', '1', '2019-08-06 03:35:21.9930000', '4'),
('466', N'avatar (1).png', '1', '2019-08-06 03:35:52.4450000', '5'),
('467', N'avatar (2).png', '1', '2019-08-06 03:35:52.4470000', '5'),
('468', N'avatar.png', '1', '2019-08-06 03:35:52.4470000', '5'),
('469', N'avatar (2).png', '1', '2019-08-06 03:42:58.7510000', '5'),
('470', N'avatar (1).png', '1', '2019-08-06 03:42:58.7490000', '5'),
('471', N'avatar.png', '1', '2019-08-06 03:42:58.7490000', '5'),
('472', N'avatar (2).png', '1', '2019-08-06 03:48:10.0250000', '4'),
('473', N'avatar.png', '1', '2019-08-06 03:48:10.0370000', '4'),
('474', N'avatar (1).png', '1', '2019-08-06 03:48:10.0720000', '4'),
('475', N'avatar (2).png', '1', '2019-08-06 03:49:17.8270000', '5'),
('476', N'avatar.png', '1', '2019-08-06 03:49:17.8270000', '5'),
('477', N'avatar (1).png', '1', '2019-08-06 04:00:46.4770000', '4'),
('478', N'avatar (2).png', '1', '2019-08-06 04:00:46.4780000', '4'),
('479', N'avatar.png', '1', '2019-08-06 04:00:46.6050000', '4'),
('480', N'avatar.png', '1', '2019-08-06 04:01:01.5570000', '5'),
('481', N'avatar (2).png', '1', '2019-08-06 04:01:01.5580000', '5'),
('482', N'avatar (1).png', '1', '2019-08-06 04:01:01.5570000', '5'),
('483', N'avatar (2).png', '1', '2019-08-06 04:07:34.3970000', '4'),
('484', N'avatar.png', '1', '2019-08-06 04:07:34.5170000', '4'),
('485', N'avatar (1).png', '1', '2019-08-06 04:07:34.8230000', '4'),
('486', N'avatar.png', '1', '2019-08-06 04:07:46.8710000', '5'),
('487', N'avatar (2).png', '1', '2019-08-06 04:07:46.9600000', '5'),
('488', N'avatar (1).png', '1', '2019-08-06 04:11:18.5410000', '5'),
('489', N'avatar (1).png', '1', '2019-08-06 04:14:15.1310000', '4'),
('490', N'avatar.png', '1', '2019-08-06 04:14:15.1300000', '4'),
('491', N'avatar (2).png', '1', '2019-08-06 04:14:15.1370000', '4'),
('492', N'WhatsApp Image 2019-07-11 at 5.55.23 PM.jpeg', '1', '2019-08-06 04:14:15.1300000', '4'),
('493', N'avatar (1).png', '1', '2019-08-06 04:14:35.5420000', '5'),
('494', N'avatar (2).png', '1', '2019-08-06 04:14:35.5420000', '5'),
('495', N'avatar.png', '1', '2019-08-06 04:14:35.5440000', '5'),
('496', N'avatar (2).png', '1', '2019-08-06 04:16:20.0000000', '4'),
('497', N'avatar.png', '1', '2019-08-06 04:16:20.0000000', '4'),
('498', N'avatar (1).png', '1', '2019-08-06 04:16:20.0030000', '4'),
('499', N'avatar (1).png', '1', '2019-08-06 04:17:52.8900000', '4'),
('500', N'avatar.png', '1', '2019-08-06 04:17:52.9060000', '4'),
('501', N'avatar (2).png', '1', '2019-08-06 04:17:52.9060000', '4');

INSERT INTO [dbo].[m_claim_document_file] ([id], [filename], [upload_by], [upload_date], [doc_id]) VALUES
('502', N'avatar.png', '1', '2019-08-06 04:50:23.0020000', NULL),
('503', N'avatar (2).png', '1', '2019-08-06 04:50:56.3790000', NULL),
('504', N'avatar.png', '1', '2019-08-06 04:50:56.4280000', NULL),
('505', N'avatar (1).png', '1', '2019-08-06 05:03:47.2140000', NULL),
('506', N'avatar (2).png', '1', '2019-08-06 05:03:47.2120000', NULL),
('507', N'avatar.png', '1', '2019-08-06 05:03:47.2120000', NULL),
('508', N'Equity Life.jpg', '1', '2019-08-06 06:41:30.2680000', '4'),
('509', N'photo_carouse.jpg', '1', '2019-08-06 06:54:52.2450000', '4'),
('510', N'Dukcapil.png', '1', '2019-08-06 06:55:29.0700000', '4'),
('511', N'avatar (2).png', '1', '2019-08-06 07:10:18.7240000', NULL),
('512', N'avatar (1).png', '1', '2019-08-06 07:10:18.7240000', NULL),
('513', N'photo_carouse.jpg', '1', '2019-08-06 07:15:03.5980000', '4'),
('514', N'Equity Life.jpg', '1', '2019-08-06 07:15:19.6670000', '4'),
('515', N'avatar (1).png', '1', '2019-08-06 07:59:36.9360000', NULL),
('516', N'avatar.png', '1', '2019-08-06 07:59:36.9500000', NULL),
('517', N'avatar (2).png', '1', '2019-08-06 07:59:37.0190000', NULL),
('518', N'avatar (2).png', '1', '2019-08-06 07:59:50.1150000', NULL),
('519', N'avatar (1).png', '1', '2019-08-06 07:59:50.1220000', NULL),
('520', N'avatar (2).png', '1', '2019-08-06 08:03:32.0950000', NULL),
('521', N'Equity Life.jpg', '1', '2019-08-06 08:04:10.7020000', '4'),
('522', N'photo_carouse.jpg', '1', '2019-08-06 08:04:18.2220000', '4'),
('523', N'1.jpg', '1', '2019-08-06 08:08:52.4880000', '4'),
('524', N'avatar (1).png', '1', '2019-08-06 08:11:16.9100000', '4'),
('525', N'FR-FIN-016-R00 Rekap Transaksi-digabungkan.pdf', '1', '2019-08-06 08:13:13.3140000', NULL),
('526', N'avatar (2).png', '1', '2019-08-06 08:14:53.8980000', NULL),
('527', N'avatar.png', '1', '2019-08-06 08:15:05.2860000', NULL),
('528', N'avatar (1).png', '1', '2019-08-06 08:15:40.3410000', NULL),
('529', N'image75.png', '1', '2019-08-06 08:16:12.7990000', NULL),
('530', N'avatar (2).png', '1', '2019-08-06 08:25:04.8360000', '9'),
('531', N'avatar (1).png', '1', '2019-08-06 08:25:04.8340000', '9'),
('532', N'FR-FIN-016-R00 Rekap Transaksi-digabungkan.pdf', '1', '2019-08-06 08:26:51.9430000', NULL),
('533', N'Rumah Sakit Rekanan.jpeg', '1', '2019-08-06 08:31:54.3400000', NULL),
('534', N'Dukcapil.png', '1', '2019-08-06 08:41:46.6150000', NULL),
('535', N'photo_carouse.jpg', '1', '2019-08-06 08:42:00.3550000', NULL),
('536', N'Dukcapil.png', '1', '2019-08-06 08:48:38.6060000', '4'),
('537', N'logo.png', '1', '2019-08-06 08:53:03.0570000', '4'),
('538', N'Rumah Sakit Rekanan.jpeg', '1', '2019-08-06 08:55:10.2410000', '4'),
('539', N'Rumah Sakit Rekanan.jpeg', '1', '2019-08-06 09:07:28.8650000', '4'),
('540', N'Equity Life.jpg', '1', '2019-08-06 09:07:49.4230000', '5'),
('541', N'Dukcapil.png', '1', '2019-08-06 09:16:21.3550000', '4'),
('542', N'Rumah Sakit Rekanan.jpeg', '1', '2019-08-06 09:16:32.4030000', '5'),
('543', N'photo_carouse.jpg', '1', '2019-08-06 09:19:11.2170000', '9'),
('544', N'equity.png', '1', '2019-08-06 09:19:22.1000000', '8'),
('545', N'Rumah Sakit Rekanan.jpeg', '1', '2019-08-06 09:23:55.5950000', NULL),
('546', N'Equity Life.jpg', '1', '2019-08-06 09:24:03.9850000', NULL),
('547', N'photo_carouse.jpg', '1', '2019-08-06 09:24:19.4240000', NULL),
('548', N'logo.png', '1', '2019-08-06 09:30:21.4110000', '4'),
('549', N'grafis_unggulan.png', '1', '2019-08-06 09:31:01.6260000', NULL),
('550', N'1.jpg', '1', '2019-08-06 09:31:37.7240000', NULL),
('551', N'avatar (1).png', '1', '2019-08-06 09:56:37.1210000', '4'),
('552', N'avatar.png', '1', '2019-08-06 09:56:51.5160000', '4'),
('553', N'avatar (2).png', '1', '2019-08-06 09:57:04.0840000', '5'),
('554', N'avatar (2).png', '1', '2019-08-06 09:57:43.2180000', '4'),
('555', N'3.jpg', '1', '2019-08-06 09:59:14.1950000', '4'),
('556', N'avatar.png', '1', '2019-08-06 10:02:31.0740000', '4'),
('557', N'avatar (2).png', '1', '2019-08-06 10:02:51.6630000', '5'),
('558', N'avatar (2).png', '1', '2019-08-06 10:04:24.2980000', '4'),
('559', N'avatar.png', '1', '2019-08-06 10:05:04.7000000', '4'),
('560', N'avatar (2).png', '1', '2019-08-06 10:05:21.0740000', '5'),
('561', N'avatar (2).png', '1', '2019-08-06 10:17:23.4390000', '5'),
('562', N'avatar (2).png', '1', '2019-08-06 10:17:51.1520000', '5'),
('563', N'avatar (2).png', '1', '2019-08-06 10:18:01.5040000', '5'),
('564', N'avatar.png', '1', '2019-08-06 10:18:05.6680000', '5'),
('565', N'm-specs-1-3.jpg', '1', '2019-08-06 10:18:25.1350000', '4'),
('566', N'WhatsApp Image 2019-07-11 at 5.55.23 PM.jpeg', '1', '2019-08-06 10:18:32.5700000', '4'),
('567', N'avatar (2).png', '1', '2019-08-06 10:18:45.0030000', '5'),
('568', N'm-specs-1-3.jpg', '1', '2019-08-06 10:19:18.0650000', '4'),
('569', N'avatar (1).png', '1', '2019-08-06 10:20:03.2610000', '4'),
('570', N'avatar (2).png', '1', '2019-08-06 10:22:24.6020000', '4'),
('571', N'suspension.jpg', '1', '2019-08-06 10:54:48.8310000', '4'),
('572', N'logo.png', '1', '2019-08-07 01:18:16.4780000', '4'),
('573', N'6f269da535f46af50d3d2378196f4e59.jpg', '1', '2019-08-07 02:05:31.0300000', NULL),
('574', N'architecture of SATA Express & M.2.png', '1', '2019-08-07 02:06:09.6420000', NULL),
('575', N'4b2cdd0d-ac5a-46a5-a702-0b854035ed4e.png', '1', '2019-08-07 02:07:00.9230000', NULL),
('576', N'logo.png', '1', '2019-08-07 02:11:10.5700000', '4'),
('577', N'1.jpg', '1', '2019-08-07 02:13:14.7520000', '4'),
('578', N'Akta_Halaman_Pertama_.jpg', '1', '2019-08-07 02:15:01.7930000', '4'),
('579', N'akta_pramidia_.jpg', '1', '2019-08-07 02:16:19.9650000', '5'),
('580', N'Akta_Halaman_Pertama_.jpg', '1', '2019-08-07 03:16:45.6120000', '4'),
('581', N'Email Production.pdf', '1', '2019-08-07 04:12:31.4390000', '4'),
('582', N'Buglist.JPG', '1', '2019-08-07 04:16:07.9000000', '5'),
('583', N'Email Production.pdf', '1', '2019-08-07 04:20:01.4730000', NULL),
('584', N'Email Production.pdf', '1', '2019-08-07 04:40:46.0280000', NULL),
('585', N'Akta_Halaman_Pertama_.jpg', '1', '2019-08-07 07:08:00.9390000', NULL),
('586', N'akta_pramidia_.jpg', '1', '2019-08-07 08:46:57.8330000', '4'),
('587', N'Akta_Halaman_Pertama_.jpg', '1', '2019-08-07 08:47:47.7200000', NULL),
('588', N'Email Production.pdf', '1', '2019-08-07 09:14:27.8920000', '4'),
('589', N'Email Production.pdf', '1', '2019-08-08 01:55:58.6830000', '4'),
('590', N'Email Production.pdf', '1', '2019-08-08 03:51:09.4770000', NULL),
('591', N'Buglist.JPG', '1', '2019-08-08 03:51:29.8260000', NULL),
('592', N'Email Production.pdf', '1', '2019-08-08 03:51:49.2920000', NULL),
('593', N'Email Production.pdf', '1', '2019-08-08 03:52:17.1160000', NULL),
('594', N'Email Production.pdf', '1', '2019-08-08 03:57:06.5510000', NULL),
('595', N'Email Production.pdf', '1', '2019-08-08 03:57:20.5410000', NULL),
('596', N'Email Production.pdf', '1', '2019-08-08 03:58:15.3560000', NULL),
('597', N'Email Production.pdf', '1', '2019-08-08 03:58:35.4560000', NULL),
('598', N'Document Checking.PNG', '1', '2019-08-08 04:09:28.5360000', NULL),
('599', N'Email Production.pdf', '1', '2019-08-08 04:39:14.0440000', NULL),
('600', N'Document Checking.PNG', '1', '2019-08-08 04:39:32.5560000', NULL),
('601', N'Email Production.pdf', '1', '2019-08-08 07:05:03.6310000', NULL),
('602', N'Buglist.JPG', '1', '2019-08-08 07:06:44.6350000', NULL),
('603', N'Document Checking.PNG', '1', '2019-08-08 07:47:49.3580000', NULL),
('604', N'Email Production.pdf', '1', '2019-08-08 07:47:56.7420000', NULL),
('605', N'Email Production.pdf', '1', '2019-08-09 02:09:20.0310000', '4'),
('606', N'Document Checking.PNG', '1', '2019-08-09 02:09:39.9960000', '5'),
('607', N'Akta_Halaman_Pertama_.jpg', '1', '2019-08-09 02:14:29.2840000', '4'),
('608', N'Akta_Halaman_Pertama_.jpg', '1', '2019-08-09 02:14:45.6760000', '5'),
('609', N'Email Production.pdf', '1', '2019-08-09 02:30:53.5130000', NULL),
('610', N'Document Checking.PNG', '1', '2019-08-09 02:31:03.6450000', NULL),
('611', N'Email Production.pdf', '1', '2019-08-12 02:02:03.3560000', '4'),
('612', N'Buglist.JPG', '1', '2019-08-12 02:02:17.8280000', '5'),
('613', N'Email Production.pdf', '1', '2019-08-12 02:11:34.8040000', '4'),
('614', N'Email Production.pdf', '1', '2019-08-12 02:21:46.9910000', '4'),
('615', N'Document Checking.PNG', '1', '2019-08-12 02:23:41.0470000', NULL),
('616', N'Buglist.JPG', '1', '2019-08-12 02:26:28.5300000', NULL),
('617', N'Akta_Halaman_Pertama_.jpg', '1', '2019-08-12 04:14:23.6630000', '4'),
('618', N'Akta_Halaman_Pertama_.jpg', '1', '2019-08-12 04:26:47.3190000', NULL),
('619', N'akta_pramidia_.jpg', '1', '2019-08-12 04:27:00.5360000', NULL),
('620', N'Email Production.pdf', '1', '2019-08-12 04:32:28.8550000', '4'),
('621', N'Document Checking.PNG', '1', '2019-08-12 04:33:39.1600000', NULL),
('622', N'Document Checking.PNG', '1', '2019-08-12 07:07:59.3390000', '9'),
('623', N'Email Production.pdf', '1', '2019-08-12 07:08:11.5150000', '8'),
('624', N'Akta_Halaman_Pertama_.jpg', '1', '2019-08-12 07:30:56.0680000', '4'),
('625', N'akta_pramidia_.jpg', '1', '2019-08-12 07:32:33.8450000', NULL),
('626', N'Document Checking.PNG', '1', '2019-08-12 07:39:53.0580000', '4'),
('627', N'Email Production.pdf', '1', '2019-08-12 07:40:04.2140000', '5'),
('628', N'Document Checking.PNG', '1', '2019-08-12 08:06:43.0090000', '4'),
('629', N'Email Production.pdf', '1', '2019-08-12 08:06:54.0940000', '5'),
('630', N'Document Checking.PNG', '1', '2019-08-12 08:33:51.3480000', '4'),
('631', N'Email Production.pdf', '1', '2019-08-12 08:34:44.3970000', NULL),
('632', N'Akta_Halaman_Pertama_.jpg', '1', '2019-08-12 09:23:37.2700000', '4'),
('633', N'akta_pramidia_.jpg', '1', '2019-08-12 09:24:32.5230000', NULL),
('634', N'Email Production.pdf', '1', '2019-08-12 09:57:36.8180000', '4'),
('635', N'Document Checking.PNG', '1', '2019-08-12 09:58:22.0430000', NULL),
('636', N'Email Production.pdf', '1', '2019-08-13 01:33:01.6050000', '4'),
('637', N'Buglist.JPG', '1', '2019-08-13 01:34:11.2420000', NULL),
('638', N'Document Checking.PNG', '1', '2019-08-13 02:16:31.9140000', '4'),
('639', N'Document Checking.PNG', '1', '2019-08-13 02:16:42.1420000', '5'),
('640', N'Akta_Halaman_Pertama_.jpg', '1', '2019-08-13 04:38:31.3590000', '4'),
('641', N'akta_pramidia_.jpg', '1', '2019-08-13 04:40:35.0000000', NULL),
('642', N'Akta_Halaman_Pertama_.jpg', '1', '2019-08-13 06:56:14.5510000', '4'),
('643', N'akta_pramidia_.jpg', '1', '2019-08-13 06:56:30.6460000', '5'),
('644', N'Akta_Halaman_Pertama_.jpg', '1', '2019-08-13 07:33:21.0760000', '4'),
('645', N'akta_pramidia_.jpg', '1', '2019-08-13 07:33:36.0550000', '5'),
('646', N'ktp_.jpg', '1', '2019-08-13 07:38:04.8580000', NULL),
('647', N'Document Checking.PNG', '1', '2019-08-13 07:39:57.6530000', '4'),
('648', N'Buglist.JPG', '1', '2019-08-13 07:40:31.8000000', '5'),
('649', N'Document Checking.PNG', '1', '2019-08-13 08:04:58.0410000', '4'),
('650', N'Document Checking.PNG', '1', '2019-08-13 08:05:12.0200000', '5'),
('651', N'Akta_Halaman_Pertama_.jpg', '1', '2019-08-13 09:48:00.2300000', '4'),
('652', N'akta_pramidia_.jpg', '1', '2019-08-13 09:49:16.2970000', NULL),
('653', N'Buglist.JPG', '1', '2019-08-13 09:51:34.0120000', '4'),
('654', N'Email Production.pdf', '1', '2019-08-13 09:51:44.0850000', '5'),
('655', N'ktp_.jpg', '1', '2019-08-13 09:52:01.8860000', NULL),
('656', N'Akta_Halaman_Pertama_.jpg', '1', '2019-08-13 10:59:25.3870000', '4'),
('657', N'akta_pramidia_.jpg', '1', '2019-08-13 11:00:41.9180000', NULL),
('658', N'ktp_.jpg', '1', '2019-08-13 11:04:00.4070000', NULL),
('659', N'Akta_Halaman_Pertama_.jpg', '1', '2019-08-13 11:58:58.1500000', '4'),
('660', N'akta_pramidia_.jpg', '1', '2019-08-13 11:59:49.8660000', NULL),
('661', N'Akta_Halaman_Pertama_.jpg', '1', '2019-08-13 12:33:13.9340000', NULL),
('662', N'akta_pramidia_.jpg', '1', '2019-08-13 12:33:28.6950000', NULL),
('663', N'Akta_Halaman_Pertama_.jpg', '1', '2019-08-14 02:49:34.1750000', '4'),
('664', N'akta_pramidia_.jpg', '1', '2019-08-14 02:49:50.3300000', '5'),
('665', N'ktp_.jpg', '1', '2019-08-14 02:55:04.6270000', NULL),
('666', N'Akta_Halaman_Pertama_.jpg', '1', '2019-08-14 03:00:35.9930000', '4'),
('667', N'akta_pramidia_.jpg', '1', '2019-08-14 03:01:36.5920000', NULL),
('668', N'ktp_.jpg', '1', '2019-08-14 03:03:12.3680000', NULL),
('669', N'Akta_Halaman_Pertama_.jpg', '1', '2019-08-14 03:04:54.4190000', '4'),
('670', N'akta_pramidia_.jpg', '1', '2019-08-14 03:05:04.4020000', '5'),
('671', N'ktp_.jpg', '1', '2019-08-14 03:07:02.6910000', NULL),
('672', N'Document Checking.PNG', '1', '2019-08-14 03:09:28.3270000', NULL),
('673', N'Document Checking.PNG', '1', '2019-08-14 03:26:25.5610000', '4'),
('674', N'Email Production.pdf', '1', '2019-08-14 03:26:37.5890000', '5'),
('675', N'Document Checking.PNG', '1', '2019-08-14 03:33:29.5780000', '4'),
('676', N'Document Checking.PNG', '1', '2019-08-14 03:49:47.7180000', '4'),
('677', N'Document Checking.PNG', '1', '2019-08-14 03:51:47.2350000', NULL),
('678', N'Email Production.pdf', '1', '2019-08-14 07:17:33.2780000', '4'),
('679', N'Document Checking.PNG', '1', '2019-08-14 07:18:38.2900000', NULL),
('680', N'Document Checking.PNG', '1', '2019-08-14 07:34:32.8070000', '13'),
('681', N'Document Checking.PNG', '1', '2019-08-14 07:34:46.4520000', '14'),
('682', N'Document Checking.PNG', '1', '2019-08-14 07:34:55.9980000', '11'),
('683', N'Document Checking.PNG', '1', '2019-08-14 07:35:07.1410000', '12'),
('684', N'Document Checking.PNG', '1', '2019-08-14 08:23:39.1360000', '4'),
('685', N'Document Checking.PNG', '1', '2019-08-14 08:24:22.3950000', '5'),
('686', N'Document Checking.PNG', '1', '2019-08-14 08:45:34.4310000', '4'),
('687', N'Email Production.pdf', '1', '2019-08-14 08:45:44.0800000', '5'),
('688', N'Document Checking.PNG', '1', '2019-08-15 02:15:49.9160000', '4'),
('689', N'Document Checking.PNG', '1', '2019-08-15 02:16:03.9770000', '5'),
('690', N'Document Checking.PNG', '1', '2019-08-15 03:32:57.3830000', '4'),
('691', N'Email Production.pdf', '1', '2019-08-15 03:33:07.3050000', '5'),
('692', N'Document Checking.PNG', '1', '2019-08-15 04:43:43.1600000', '4'),
('693', N'Document Checking.PNG', '1', '2019-08-15 07:11:50.6200000', '13'),
('694', N'Buglist.JPG', '1', '2019-08-15 07:12:00.1890000', '14'),
('695', N'Email Production.pdf', '1', '2019-08-15 07:12:09.1860000', '11'),
('696', N'Email Production.pdf', '1', '2019-08-15 07:12:19.8730000', '12'),
('697', N'Document Checking.PNG', '1', '2019-08-19 02:11:06.1010000', '4'),
('698', N'Email Production.pdf', '1', '2019-08-19 02:11:20.7170000', '5'),
('699', N'Document Checking.PNG', '1', '2019-08-19 02:20:40.4080000', '4'),
('700', N'Email Production.pdf', '1', '2019-08-19 02:20:50.0840000', '5'),
('701', N'Buglist.JPG', '1', '2019-08-19 02:31:51.4240000', '18'),
('702', N'Email Production.pdf', '1', '2019-08-19 02:31:58.2010000', '16'),
('703', N'Buglist.JPG', '1', '2019-08-19 02:32:07.2120000', '17'),
('704', N'Buglist.JPG', '1', '2019-08-19 02:51:33.0070000', '4'),
('705', N'Document Checking.PNG', '1', '2019-08-19 02:51:54.3560000', '5'),
('706', N'Document Checking.PNG', '1', '2019-08-19 02:58:22.2580000', '4'),
('707', N'Email Production.pdf', '1', '2019-08-19 02:58:32.2520000', '5'),
('708', N'Document Checking.PNG', '1', '2019-08-19 03:22:04.7560000', '9'),
('709', N'Email Production.pdf', '1', '2019-08-19 03:22:25.0300000', '8'),
('710', N'Document Checking.PNG', '1', '2019-08-19 03:47:25.4310000', '9'),
('711', N'Email Production.pdf', '1', '2019-08-19 03:47:37.7650000', '8'),
('712', N'Document Checking.PNG', '1', '2019-08-20 02:20:04.2110000', '4'),
('713', N'Document Checking.PNG', '1', '2019-08-20 02:50:04.2140000', '9'),
('714', N'Email Production.pdf', '1', '2019-08-20 02:50:17.1100000', '8'),
('715', N'Document Checking.PNG', '1', '2019-08-20 07:32:23.4800000', '4'),
('716', N'Email Production.pdf', '1', '2019-08-20 07:32:35.1710000', '5'),
('717', N'photo_carouse.jpg', '1', '2019-08-20 08:19:38.0290000', '9'),
('718', N'Equity Life.jpg', '1', '2019-08-20 08:19:54.1700000', '8'),
('719', N'Dukcapil.png', '1', '2019-08-21 03:43:24.1920000', '4'),
('720', N'photo_carouse.jpg', '1', '2019-08-21 03:43:33.9710000', '5'),
('721', N'Equity Life.jpg', '1', '2019-08-21 08:03:24.4560000', '4'),
('722', N'Equity Life.jpg', '1', '2019-08-21 08:03:38.0450000', '5'),
('723', N'surface-texture-wall-1902415.jpg', '1', '2019-08-22 04:12:21.5190000', '4'),
('724', N'surface-texture-wall-1902415.jpg', '1', '2019-08-22 04:12:44.5630000', '5'),
('725', N'surface-texture-wall-1902415.jpg', '1', '2019-08-22 04:51:50.6800000', '4'),
('726', N'surface-texture-wall-1902415.jpg', '1', '2019-08-22 04:53:07.6900000', '4'),
('727', N'surface-texture-wall-1902415.jpg', '1', '2019-08-22 04:59:02.1120000', '4'),
('728', N'surface-texture-wall-1902415.jpg', '1', '2019-08-22 05:00:19.4050000', '4'),
('729', N'surface-texture-wall-1902415.jpg', '1', '2019-08-22 05:00:45.4150000', '4'),
('730', N'surface-texture-wall-1902415.jpg', '1', '2019-08-22 05:08:38.9910000', '4'),
('731', N'surface-texture-wall-1902415.jpg', '1', '2019-08-22 05:09:21.4340000', '5'),
('732', N'surface-texture-wall-1902415.jpg', '1', '2019-08-22 06:45:31.6500000', NULL),
('733', N'surface-texture-wall-1902415.jpg', '1', '2019-08-22 07:23:45.6110000', '4'),
('734', N'photo_carouse.jpg', '1', '2019-08-22 07:27:51.6130000', '4'),
('735', N'Email Production.pdf', '1', '2019-08-22 07:29:32.0980000', '5'),
('736', N'Dukcapil.png', '1', '2019-08-22 07:37:42.1430000', NULL),
('737', N'Dukcapil.png', '1', '2019-08-22 07:37:57.2140000', NULL),
('738', N'Dukcapil.png', '1', '2019-08-22 07:49:38.1400000', '4'),
('739', N'Email Production.pdf', '1', '2019-08-22 07:50:37.7590000', '5'),
('740', N'Email Production.pdf', '1', '2019-08-22 08:12:11.5150000', NULL),
('741', N'Email Production.pdf', '1', '2019-08-22 08:12:30.4800000', NULL),
('742', N'Haryanti.pdf', '1', '2019-08-22 08:16:42.6850000', NULL),
('743', N'Email Production.pdf', '1', '2019-08-22 08:32:08.2220000', NULL),
('744', N'Email Production.pdf', '1', '2019-08-22 08:33:06.4160000', NULL),
('745', N'Email Production.pdf', '1', '2019-08-22 09:09:38.5060000', '4'),
('746', N'Equity Life.jpg', '1', '2019-08-22 09:10:09.3530000', '4'),
('747', N'surface-texture-wall-1902415.jpg', '1', '2019-08-22 09:34:07.1620000', NULL),
('748', N'surface-texture-wall-1902415.jpg', '1', '2019-08-22 09:36:34.8930000', NULL),
('749', N'surface-texture-wall-1902415.jpg', '1', '2019-08-22 09:38:18.2910000', NULL),
('750', N'surface-texture-wall-1902415.jpg', '1', '2019-08-22 09:38:58.2460000', NULL),
('751', N'surface-texture-wall-1902415.jpg', '1', '2019-08-22 09:39:17.5230000', NULL),
('752', N'surface-texture-wall-1902415.jpg', '1', '2019-08-22 09:39:50.4430000', NULL),
('753', N'Dukcapil.png', '1', '2019-08-23 01:24:54.3380000', '4'),
('754', N'photo_carouse.jpg', '1', '2019-08-23 01:25:02.8130000', '4'),
('755', N'Email Production.pdf', '1', '2019-08-23 01:26:08.2460000', '5'),
('756', N'Email Production.pdf', '1', '2019-08-23 02:38:03.8250000', '4'),
('757', N'Buglist.JPG', '1', '2019-08-23 02:38:28.0340000', '5'),
('758', N'Email Production.pdf', '1', '2019-08-23 02:40:12.9790000', '4'),
('759', N'Document Checking.PNG', '1', '2019-08-23 02:40:26.1980000', '5'),
('760', N'Email Production.pdf', '1', '2019-08-23 04:32:48.3320000', '13'),
('761', N'Email Production.pdf', '1', '2019-08-23 04:53:13.7210000', '14'),
('762', N'Document Checking.PNG', '1', '2019-08-23 04:56:56.9220000', '11'),
('763', N'Document Checking.PNG', '1', '2019-08-23 04:57:09.2240000', '12'),
('764', N'Document Checking.PNG', '1', '2019-08-23 05:00:41.0310000', '13'),
('765', N'Email Production.pdf', '1', '2019-08-23 05:00:51.3200000', '14'),
('766', N'Document Checking.PNG', '1', '2019-08-23 05:01:05.5700000', '11'),
('767', N'Document Checking.PNG', '1', '2019-08-23 05:01:51.0850000', '12'),
('768', N'Email Production.pdf', '1', '2019-08-23 07:17:49.5540000', '4'),
('769', N'Buglist.JPG', '1', '2019-08-23 07:18:07.1780000', '5'),
('770', N'Buglist.JPG', '1', '2019-08-23 07:31:26.4360000', NULL),
('771', N'Document Checking.PNG', '1', '2019-08-26 02:52:21.8600000', '4'),
('772', N'Buglist.JPG', '1', '2019-08-26 02:52:32.9910000', '4'),
('773', N'Document Checking.PNG', '1', '2019-08-26 02:52:40.1250000', '4'),
('774', N'Buglist.JPG', '1', '2019-08-26 02:54:17.2590000', '4'),
('775', N'Document Checking.PNG', '1', '2019-08-26 02:54:36.5990000', '4'),
('776', N'Buglist.JPG', '1', '2019-08-26 06:51:01.3960000', '4'),
('777', N'Buglist.JPG', '1', '2019-08-26 06:51:09.9110000', '4'),
('778', N'Haryanti.pdf', '1', '2019-08-26 06:51:21.6610000', '5'),
('779', N'Buglist.JPG', '1', '2019-08-26 07:14:28.3820000', '4'),
('780', N'Document Checking.PNG', '1', '2019-08-26 07:14:38.4730000', '5'),
('781', N'Email Production.pdf', '1', '2019-08-26 07:29:33.4660000', '9'),
('782', N'Buglist.JPG', '1', '2019-08-26 07:29:43.1760000', '8'),
('783', N'Buglist.JPG', '1', '2019-08-26 08:04:59.1240000', '4'),
('784', N'Email Production.pdf', '1', '2019-08-26 08:05:10.8990000', '5'),
('785', N'09.png', '1', '2019-08-27 01:52:47.6710000', NULL),
('786', N'09.png', '1', '2019-08-27 02:13:54.6870000', NULL),
('787', N'Haryanti.pdf', '1', '2019-08-27 04:05:03.8870000', NULL),
('788', N'Document Checking.PNG', '1', '2019-08-27 04:05:24.8110000', NULL),
('789', N'Buglist.JPG', '1', '2019-08-27 06:39:48.9720000', '9'),
('790', N'Email Production.pdf', '1', '2019-08-27 06:39:59.0740000', '8'),
('791', N'Buglist.JPG', '1', '2019-08-27 06:43:06.2550000', NULL),
('792', N'Buglist.JPG', '1', '2019-08-27 06:50:00.7290000', NULL),
('793', N'Buglist.JPG', '1', '2019-08-27 06:58:59.9330000', '4'),
('794', N'Document Checking.PNG', '1', '2019-08-27 06:59:12.7240000', '5'),
('795', N'Document Checking.PNG', '1', '2019-08-27 07:05:22.0660000', '4'),
('796', N'Email Production.pdf', '1', '2019-08-27 07:05:33.2170000', '5'),
('797', N'Email Production.pdf', '1', '2019-08-27 07:22:21.0760000', '4'),
('798', N'Buglist.JPG', '1', '2019-08-27 07:22:30.8400000', '5'),
('799', N'Buglist.JPG', '1', '2019-08-27 07:28:43.7620000', '4'),
('800', N'Document Checking.PNG', '1', '2019-08-27 07:28:54.6750000', '5'),
('801', N'Buglist.JPG', '1', '2019-08-27 07:43:27.3740000', '4'),
('802', N'Email Production.pdf', '1', '2019-08-27 07:43:36.7590000', '5'),
('803', N'Buglist.JPG', '1', '2019-08-27 07:57:30.8600000', '4'),
('804', N'Document Checking.PNG', '1', '2019-08-27 07:57:40.1340000', '5'),
('805', N'Buglist.JPG', '1', '2019-08-27 08:21:35.4570000', '4'),
('806', N'Document Checking.PNG', '1', '2019-08-27 08:21:47.1570000', '5'),
('807', N'Buglist.JPG', '1', '2019-08-27 09:53:09.2740000', '9'),
('808', N'Document Checking.PNG', '1', '2019-08-27 09:53:17.5830000', '8'),
('809', N'Email Production.pdf', '1', '2019-08-28 03:14:16.2970000', '9'),
('810', N'Buglist.JPG', '1', '2019-08-28 03:14:33.6850000', '8'),
('811', N'Buglist.JPG', '1', '2019-08-28 03:29:57.1080000', '4'),
('812', N'Email Production.pdf', '1', '2019-08-28 03:30:06.1260000', '5'),
('813', N'Buglist.JPG', '1', '2019-08-28 03:42:35.4940000', '4'),
('814', N'Document Checking.PNG', '1', '2019-08-28 03:42:44.6800000', '5'),
('815', N'Buglist.JPG', '1', '2019-08-28 04:04:59.6160000', '4'),
('816', N'Email Production.pdf', '1', '2019-08-28 04:05:17.1690000', '5'),
('817', N'Buglist.JPG', '1', '2019-08-28 04:16:21.5470000', '9'),
('818', N'Email Production.pdf', '1', '2019-08-28 04:16:31.6570000', '8'),
('819', N'Dukcapil.png', '1', '2019-08-28 07:12:15.7530000', '4'),
('820', N'photo_carouse.jpg', '1', '2019-08-28 07:12:29.5700000', '5'),
('821', N'photo_carouse.jpg', '1', '2019-08-28 07:50:28.3540000', '4'),
('822', N'photo_carouse.jpg', '1', '2019-08-28 08:03:46.1580000', '13'),
('823', N'photo_carouse.jpg', '1', '2019-08-28 08:30:27.3040000', '13'),
('824', N'Dukcapil.png', '1', '2019-08-28 08:38:21.1040000', '18'),
('825', N'Equity Life.jpg', '1', '2019-08-28 08:41:12.1830000', '16'),
('826', N'photo_carouse.jpg', '1', '2019-08-28 09:47:49.4490000', '4'),
('827', N'Dukcapil.png', '1', '2019-08-28 09:47:56.9420000', '5'),
('828', N'Dukcapil.png', '1', '2019-08-28 09:58:36.6570000', NULL),
('829', N'photo_carouse.jpg', '1', '2019-08-28 10:13:27.0610000', '4'),
('830', N'photo_carouse.jpg', '1', '2019-08-28 10:14:43.9700000', '5'),
('831', N'Dukcapil.png', '1', '2019-08-28 10:23:23.9510000', '9'),
('832', N'photo_carouse.jpg', '1', '2019-08-28 10:23:34.2710000', '8'),
('833', N'photo_carouse.jpg', '1', '2019-08-28 10:41:29.0310000', '4'),
('834', N'Rumah Sakit Rekanan.jpeg', '1', '2019-08-28 10:42:06.2940000', NULL),
('835', N'Dukcapil.png', '1', '2019-08-28 10:44:30.7470000', NULL),
('836', N'Equity Life.jpg', '1', '2019-08-28 10:44:50.9790000', NULL),
('837', N'Equity Life.jpg', '1', '2019-08-28 10:45:33.2540000', NULL),
('838', N'photo_carouse.jpg', '1', '2019-08-29 01:57:49.6540000', '4'),
('839', N'Equity Life.jpg', '1', '2019-08-29 01:58:00.6040000', '5'),
('840', N'Equity Life.jpg', '1', '2019-08-29 04:08:54.0290000', '4'),
('841', N'photo_carouse.jpg', '1', '2019-08-29 04:09:02.8350000', '5'),
('842', N'Equity Life.jpg', '1', '2019-08-29 07:26:08.7000000', '9'),
('843', N'photo_carouse.jpg', '1', '2019-08-29 07:26:20.7400000', '8'),
('844', N'Dukcapil.png', '1', '2019-08-29 07:44:33.4060000', '9'),
('845', N'Rumah Sakit Rekanan.jpeg', '1', '2019-08-29 07:44:42.0180000', '8'),
('846', N'Rumah Sakit Rekanan.jpeg', '1', '2019-08-29 08:28:14.2550000', '9'),
('847', N'Dukcapil.png', '1', '2019-08-29 08:46:00.5660000', '4'),
('848', N'Equity Life.jpg', '1', '2019-08-29 08:46:22.5390000', '5'),
('849', N'09.png', '1', '2019-08-30 00:54:08.9490000', NULL),
('850', N'newspaper.png', '1', '2019-08-30 00:54:33.8320000', NULL),
('851', N'Dukcapil.png', '1', '2019-08-30 05:24:49.2940000', '5'),
('852', N'Dukcapil.png', '1', '2019-08-30 06:44:43.5650000', '4'),
('853', N'Equity Life.jpg', '1', '2019-08-30 06:44:50.7340000', '4'),
('854', N'photo_carouse.jpg', '1', '2019-08-30 06:45:04.9640000', '5'),
('855', N'Dukcapil.png', '1', '2019-08-30 07:08:59.7180000', '4'),
('856', N'equity.png', '1', '2019-08-30 07:09:08.7810000', '5'),
('857', N'Equity Life.jpg', '1', '2019-08-30 07:11:58.3850000', '4'),
('858', N'Equity Life.jpg', '1', '2019-08-30 07:12:09.3950000', '5'),
('859', N'Dukcapil.png', '1', '2019-08-30 07:23:29.0530000', '4'),
('860', N'photo_carouse.jpg', '1', '2019-08-30 07:23:41.3050000', '5'),
('861', N'photo_carouse.jpg', '1', '2019-08-30 09:16:42.5680000', '4'),
('862', N'photo_2018-11-06_09-27-54.jpg', '1', '2019-09-02 03:34:20.1300000', '9'),
('863', N'1.jpg', '1', '2019-09-02 03:38:03.0090000', NULL),
('864', N'1.jpg', '1', '2019-09-02 04:36:43.8770000', NULL),
('865', N'3.jpg', '1', '2019-09-02 04:37:10.0380000', NULL),
('866', N'photo_carouse.jpg', '1', '2019-09-02 08:23:50.1190000', '4'),
('867', N'photo_2018-11-06_09-27-54.jpg', '1', '2019-09-03 04:39:00.4990000', NULL),
('868', N'2.jpg', '1', '2019-09-03 04:39:04.9410000', NULL),
('869', N'Dukcapil.png', '1', '2019-09-03 06:50:01.3340000', NULL),
('870', N'Rumah Sakit Rekanan.jpeg', '1', '2019-09-03 09:22:32.9220000', '9'),
('871', N'Dukcapil.png', '1', '2019-09-03 09:22:41.9330000', '8'),
('872', N'Dukcapil.png', '1', '2019-09-03 09:30:47.0720000', NULL),
('873', N'Equity Life.jpg', '1', '2019-09-03 09:34:27.7290000', '4'),
('874', N'equity.png', '1', '2019-09-03 09:34:36.2640000', '5'),
('875', N'Dukcapil.png', '1', '2019-09-04 01:35:36.6510000', '4'),
('876', N'Equity Life.jpg', '1', '2019-09-04 01:35:49.7610000', '5'),
('877', N'Equity Life.jpg', '1', '2019-09-04 02:58:58.4350000', '4'),
('878', N'Dukcapil.png', '1', '2019-09-04 03:02:24.4920000', NULL),
('879', N'photo_carouse.jpg', '1', '2019-09-04 03:16:04.4210000', '4'),
('880', N'Equity Life.jpg', '1', '2019-09-04 03:37:17.3720000', '4'),
('881', N'equity.png', '1', '2019-09-04 03:37:27.3690000', '5'),
('882', N'Equity Life.jpg', '1', '2019-09-04 03:56:05.6090000', NULL),
('883', N'Equity Life.jpg', '1', '2019-09-04 04:12:16.7610000', '4'),
('884', N'photo_carouse.jpg', '1', '2019-09-04 04:12:41.6050000', '5'),
('885', N'Equity Life.jpg', '1', '2019-09-04 07:10:21.3470000', '4'),
('886', N'Dukcapil.png', '1', '2019-09-04 07:11:09.4970000', '5'),
('887', N'Equity Life.jpg', '1', '2019-09-04 07:32:33.7590000', '4'),
('888', N'photo_carouse.jpg', '1', '2019-09-04 07:36:43.8520000', '5'),
('889', N'Equity Life.jpg', '1', '2019-09-04 08:01:54.4660000', '9'),
('890', N'photo_carouse.jpg', '1', '2019-09-04 08:02:03.6070000', '8'),
('891', N'photo_carouse.jpg', '1', '2019-09-04 08:37:39.2050000', '4'),
('892', N'Equity Life.jpg', '1', '2019-09-04 08:37:49.0880000', '5'),
('893', N'Dukcapil.png', '1', '2019-09-06 03:33:09.7340000', '4'),
('894', N'Equity Life.jpg', '1', '2019-09-06 07:31:03.7160000', '4'),
('895', N'Dukcapil.png', '1', '2019-09-06 07:31:13.1950000', '5'),
('896', N'Equity Life.jpg', '1', '2019-09-09 01:28:59.8960000', '6'),
('897', N'photo_carouse.jpg', '1', '2019-09-09 01:29:16.6760000', '4'),
('898', N'equity.png', '1', '2019-09-09 01:32:43.7300000', '5'),
('899', N'gettyimages-86108078-612x612.jpg', '1', '2019-09-12 10:13:44.6660000', '6'),
('900', N'Equity Life.jpg', '1', '2019-09-12 07:01:41.7050000', NULL),
('901', N'photo_carouse.jpg', '1', '2019-09-12 07:01:52.4290000', NULL),
('902', N'equity.png', '1', '2019-09-12 07:02:00.6190000', NULL),
('903', N'Dukcapil.png', '1', '2019-09-12 08:33:15.8920000', NULL),
('904', N'photo_carouse.jpg', '1', '2019-09-12 08:33:37.4720000', NULL),
('905', N'Equity Life.jpg', '1', '2019-09-12 08:33:52.2780000', NULL),
('906', N'Dukcapil.png', '1', '2019-09-12 08:43:44.8680000', NULL),
('907', N'Equity Life.jpg', '1', '2019-09-12 08:44:12.5440000', NULL),
('908', N'Dukcapil.png', '1', '2019-09-13 01:53:41.1330000', NULL),
('909', N'Equity Life.jpg', '1', '2019-09-13 01:53:51.7890000', NULL),
('910', N'photo_carouse.jpg', '1', '2019-09-13 01:54:01.4600000', NULL),
('911', N'Email Production.pdf', '1', '2019-09-13 01:54:25.0510000', NULL),
('912', N'Email Production.pdf', '1', '2019-09-13 03:25:37.2030000', NULL),
('913', N'Email Production.pdf', '1', '2019-09-13 03:48:30.8360000', NULL),
('914', N'Equity Life.jpg', '1', '2019-09-13 03:48:44.7590000', NULL),
('915', N'Rumah Sakit Rekanan.jpeg', '1', '2019-09-13 03:48:55.6350000', NULL),
('916', N'Dukcapil.png', '1', '2019-09-13 04:20:42.8130000', NULL),
('917', N'Equity Life.jpg', '1', '2019-09-13 04:20:51.8060000', NULL),
('918', N'Untitled_06092019_143055.pdf', '1', '2019-09-13 04:21:16.5860000', NULL),
('919', N'Untitled_06092019_143055.pdf', '1', '2019-09-13 07:49:13.8380000', NULL),
('920', N'Untitled_06092019_143055.pdf', '1', '2019-09-13 07:50:02.3290000', NULL),
('921', N'PO-MCM-002-R00_Administrasi_Materi_Collaterals_Terkendali.pdf', '1', '2019-09-13 07:52:02.5360000', NULL),
('922', N'PO-MCM-002-R00_Administrasi_Materi_Collaterals_Terkendali.pdf', '1', '2019-09-13 07:52:13.1650000', NULL),
('923', N'Lampiran_PO_Marcom.pdf', '1', '2019-09-16 04:52:09.1590000', '6'),
('924', N'Lampiran_PO_Marcom.pdf', '1', '2019-09-16 04:52:24.1810000', '4'),
('925', N'PO-MCM-002-R00_Administrasi_Materi_Collaterals_Tidak_Terkendali.pdf', '1', '2019-09-16 04:52:34.0260000', '5'),
('926', N'Screen Shot 2019-09-11 at 08.49.46.png', '1', '2019-09-16 09:16:28.4860000', '6'),
('927', N'Screen Shot 2019-09-11 at 08.49.46.png', '1', '2019-09-16 09:29:13.2510000', NULL),
('928', N'Screen Shot 2019-09-11 at 08.49.46.png', '1', '2019-09-16 09:29:37.4860000', NULL),
('929', N'PO-MCM-002-R00_Administrasi_Materi_Collaterals_Terkendali.pdf', '1', '2019-09-17 00:44:15.0060000', '6'),
('930', N'Rumah Sakit Rekanan.jpeg', '1', '2019-09-17 00:44:27.0020000', '4'),
('931', N'Equity Life.jpg', '1', '2019-09-17 01:19:34.9480000', '9'),
('932', N'photo_carouse.jpg', '1', '2019-09-17 01:19:43.3670000', '8'),
('933', N'photo_carouse.jpg', '1', '2019-09-17 02:30:43.5360000', '6'),
('934', N'Rumah Sakit Rekanan.jpeg', '1', '2019-09-17 07:53:28.7100000', '6'),
('935', N'Dukcapil.png', '1', '2019-09-18 02:27:49.7770000', '6'),
('936', N'Equity Life.jpg', '1', '2019-09-18 02:27:59.6750000', '4'),
('937', N'Equity Life.jpg', '1', '2019-09-18 03:11:10.3550000', '6'),
('938', N'photo_carouse.jpg', '1', '2019-09-18 03:11:21.3530000', '4'),
('939', N'Equity Life.jpg', '1', '2019-09-18 07:21:28.3220000', '13'),
('940', N'photo_carouse.jpg', '1', '2019-09-18 07:21:38.9070000', '14'),
('941', N'Yanti - [Galasin Registration] MILO JAKARTA INTERNATIONAL 10K 2019.pdf', '1', '2019-09-18 07:43:52.5370000', NULL),
('942', N'FR-FIN-016-R00 Rekap Transaksi-digabungkan.pdf', '1', '2019-09-18 08:17:54.2560000', '6'),
('943', N'Untitled_06092019_143055.pdf', '1', '2019-09-18 08:18:11.5020000', '4'),
('944', N'Untitled_06092019_143055.pdf', '1', '2019-09-18 08:18:43.1400000', '5'),
('945', N'FR-FIN-016-R00 Rekap Transaksi-digabungkan.pdf', '1', '2019-09-19 02:58:07.6470000', '6'),
('946', N'30112.pdf', '1', '2019-09-19 02:58:59.6730000', '4'),
('947', N'photo_carouse.jpg', '1', '2019-09-19 03:00:01.3480000', '5'),
('948', N'photo_carouse.jpg', '1', '2019-09-19 03:28:40.4650000', '6'),
('949', N'Equity Life.jpg', '1', '2019-09-19 03:28:56.3730000', '4'),
('950', N'Equity Life.jpg', '1', '2019-09-19 03:29:27.3030000', '5'),
('951', N'Equity Life.jpg', '1', '2019-09-19 04:33:39.1060000', '6'),
('952', N'Equity Life.jpg', '1', '2019-09-19 04:47:40.9730000', '6'),
('953', N'Rumah Sakit Rekanan.jpeg', '1', '2019-09-19 04:47:53.1710000', '4'),
('954', N'photo_carouse.jpg', '1', '2019-09-19 05:01:29.8700000', '6'),
('955', N'Equity Life.jpg', '1', '2019-09-19 07:27:37.8150000', NULL),
('956', N'photo_carouse.jpg', '1', '2019-09-19 07:27:48.6580000', NULL),
('957', N'Dukcapil.png', '1', '2019-09-20 03:15:15.9840000', '6'),
('958', N'photo_carouse.jpg', '1', '2019-09-20 03:15:31.3560000', '4'),
('959', N'equity.png', '1', '2019-09-20 03:15:44.4350000', '5'),
('960', N'Equity Life.jpg', '1', '2019-09-20 03:35:36.4630000', '6'),
('961', N'photo_carouse.jpg', '1', '2019-09-20 03:35:47.7170000', '4'),
('962', N'equity.png', '1', '2019-09-20 03:35:57.0040000', '5'),
('963', N'photo_carouse.jpg', '1', '2019-09-20 07:37:51.7120000', '6'),
('964', N'TCS IT-P1-005_Global Portal Klaim_Portal for Partner_fixed.xlsx', '1', '2019-09-20 07:39:11.4810000', '4'),
('965', N'Untitled_06092019_143055.pdf', '1', '2019-09-20 07:39:37.1820000', '5'),
('966', N'image75.png', '1', '2019-09-20 08:24:37.0970000', '9'),
('967', N'Yanti - [Galasin Registration] MILO JAKARTA INTERNATIONAL 10K 2019.pdf', '1', '2019-09-20 08:25:05.5650000', '8'),
('968', N'Screen Shot 2019-09-11 at 08.49.46.png', '1', '2019-09-22 07:07:53.7800000', '6'),
('969', N'Screen Shot 2019-09-11 at 08.49.46.png', '1', '2019-09-22 13:39:15.3290000', '4'),
('970', N'Screen Shot 2019-09-11 at 08.49.46.png', '1', '2019-09-22 13:40:20.4490000', '5'),
('971', N'Screen Shot 2019-09-11 at 08.49.46.png', '1', '2019-09-22 13:41:25.3010000', '6'),
('972', N'Screen Shot 2019-09-11 at 08.49.46.png', '1', '2019-09-22 13:42:07.3870000', '4'),
('973', N'Screen Shot 2019-09-11 at 08.49.46.png', '1', '2019-09-22 13:42:40.4210000', '6'),
('974', N'Screen Shot 2019-09-11 at 08.49.46.png', '1', '2019-09-22 13:43:32.4760000', '5'),
('975', N'Screen Shot 2019-09-11 at 08.49.46.png', '1', '2019-09-23 00:51:06.6930000', '6'),
('976', N'Screen Shot 2019-09-11 at 08.49.46.png', '1', '2019-09-23 00:51:20.8490000', '4'),
('977', N'Screen Shot 2019-09-11 at 08.49.46.png', '1', '2019-09-23 00:51:30.9980000', '5'),
('978', N'FR-FIN-016-R00 Rekap Transaksi-digabungkan.pdf', '1', '2019-09-23 01:43:15.9150000', '6'),
('979', N'Untitled_06092019_143055.pdf', '1', '2019-09-23 01:43:26.8760000', '4'),
('980', N'photo_carouse.jpg', '1', '2019-09-23 01:43:42.2780000', '5'),
('981', N'photo_carouse.jpg', '1', '2019-09-23 03:29:54.0950000', '6'),
('982', N'30112.pdf', '1', '2019-09-23 03:30:46.9050000', '4'),
('983', N'Equity Life.jpg', '1', '2019-09-23 03:31:13.7380000', '5'),
('984', N'Dukcapil.png', '1', '2019-09-23 04:03:29.3770000', '6'),
('985', N'30112.pdf', '1', '2019-09-23 04:03:53.1480000', '4'),
('986', N'FR-FIN-016-R00 Rekap Transaksi-digabungkan.pdf', '1', '2019-09-23 04:04:17.3500000', '5'),
('987', N'Untitled_06092019_143055.pdf', '1', '2019-09-23 04:20:11.6730000', '6'),
('988', N'Untitled_06092019_143055.pdf', '1', '2019-09-23 04:21:06.4010000', '4'),
('989', N'photo_carouse.jpg', '1', '2019-09-23 04:21:19.8700000', '5'),
('990', N'Equity Life.jpg', '1', '2019-09-23 04:29:17.5540000', '24'),
('991', N'Untitled_06092019_143055.pdf', '1', '2019-09-23 04:30:16.9770000', '24'),
('992', N'30112.pdf', '1', '2019-09-23 04:30:53.5880000', '25'),
('993', N'Dukcapil.png', '1', '2019-09-23 04:33:55.6140000', '25'),
('994', N'Rumah Sakit Rekanan.jpeg', '1', '2019-09-23 04:34:17.7910000', '25'),
('995', N'photo_carouse.jpg', '1', '2019-09-23 07:14:34.9100000', '6'),
('996', N'30112.pdf', '1', '2019-09-23 07:14:59.5970000', '4'),
('997', N'Rumah Sakit Rekanan.jpeg', '1', '2019-09-23 07:15:34.3910000', '5'),
('998', N'Rumah Sakit Rekanan.jpeg', '1', '2019-09-23 08:06:51.3260000', '6'),
('999', N'30112.pdf', '1', '2019-09-23 08:07:17.3200000', '4'),
('1000', N'Untitled_06092019_143055.pdf', '1', '2019-09-23 08:07:34.7440000', '5'),
('1001', N'Untitled_06092019_143055.pdf', '1', '2019-09-23 08:47:59.2970000', '6');

INSERT INTO [dbo].[m_claim_document_file] ([id], [filename], [upload_by], [upload_date], [doc_id]) VALUES
('1002', N'Rumah Sakit Rekanan.jpeg', '1', '2019-09-23 08:48:13.6270000', '4'),
('1003', N'equity.png', '1', '2019-09-23 08:48:25.1440000', '5'),
('1004', N'2e0fd8d9207a36a93131cf6d081fe1a65344142a91421cf80e983effe6e56785.jpg', '1', '2019-09-23 16:08:36.3000000', '6'),
('1005', N'e23e50bb6240047cc3d3d500f76def539240bf23977fefe47ff39268e7d9c240.jpg', '1', '2019-09-23 16:09:00.5700000', '4'),
('1006', N'e23e50bb6240047cc3d3d500f76def539240bf23977fefe47ff39268e7d9c240.jpg', '1', '2019-09-23 16:09:11.9100000', '4'),
('1007', N'2e0fd8d9207a36a93131cf6d081fe1a65344142a91421cf80e983effe6e56785.jpg', '1', '2019-09-23 16:09:29.3330000', '5'),
('1008', N'Screen Shot 2019-09-11 at 08.49.46.png', '1', '2019-09-23 16:26:11.6050000', '6'),
('1009', N'Screen Shot 2019-09-11 at 08.49.46.png', '1', '2019-09-23 16:26:31.2220000', '4'),
('1010', N'Screen Shot 2019-09-11 at 08.49.46.png', '1', '2019-09-23 16:26:38.6880000', '5'),
('1011', N'Lampiran_PO_Marcom.pdf', '1', '2019-09-24 03:48:56.3470000', '6'),
('1012', N'informasi_vcn.png', '1', '2019-09-24 06:58:36.5540000', '9'),
('1013', N'guru.jpg', '1', '2019-09-24 06:58:52.8110000', '8'),
('1014', N'PO-MCM-002-R00_Administrasi_Materi_Collaterals_Tidak_Terkendali.pdf', '1', '2019-09-24 08:23:25.9130000', '6'),
('1015', N'Rumah Sakit Rekanan.jpeg', '1', '2019-09-24 08:24:37.8210000', '4'),
('1016', N'Equity Life.jpg', '1', '2019-09-24 08:25:00.1300000', '5'),
('1017', N'Dukcapil.png', '1', '2019-09-24 08:43:04.9440000', '6'),
('1018', N'equity.png', '1', '2019-09-24 08:43:16.4510000', '4'),
('1019', N'Lampiran_PO_Marcom.pdf', '1', '2019-09-24 08:43:32.3480000', '5'),
('1020', N'Screen Shot 2019-09-11 at 08.49.46.png', '1', '2019-09-25 01:01:56.3550000', '6'),
('1021', N'Screen Shot 2019-09-11 at 08.49.46.png', '1', '2019-09-25 01:02:03.8830000', '4'),
('1022', N'Screen Shot 2019-09-11 at 08.49.46.png', '1', '2019-09-25 01:02:15.7640000', '4'),
('1023', N'Screen Shot 2019-09-11 at 08.49.46.png', '1', '2019-09-25 01:02:23.7570000', '5'),
('1024', N'Lampiran_PO_Marcom.pdf', '1', '2019-09-25 02:57:16.1410000', '6'),
('1025', N'ilovepdf_merged.pdf', '1', '2019-09-25 02:57:42.4100000', '4'),
('1026', N'ilovepdf_merged_01.pdf', '1', '2019-09-25 02:58:10.2820000', '5'),
('1027', N'ilovepdf_merged.pdf', '1', '2019-09-25 03:11:39.3610000', '6'),
('1028', N'Lampiran_PO_Marcom.pdf', '1', '2019-09-25 03:11:49.0320000', '4'),
('1029', N'Rumah Sakit Rekanan.jpeg', '1', '2019-09-25 03:12:04.4300000', '5'),
('1030', N'Screen Shot 2019-09-11 at 08.49.46.png', '1', '2019-09-25 03:27:08.4110000', '6'),
('1031', N'Screen Shot 2019-09-11 at 08.49.46.png', '1', '2019-09-25 03:27:31.8640000', '4'),
('1032', N'Screen Shot 2019-09-11 at 08.49.46.png', '1', '2019-09-25 03:27:49.1020000', '5'),
('1033', N'photo_carouse.jpg', '1', '2019-09-25 03:30:21.7700000', '6'),
('1034', N'Equity Life.jpg', '1', '2019-09-25 03:30:31.1620000', '4'),
('1035', N'Equity Life.jpg', '1', '2019-09-25 03:30:40.7810000', '5'),
('1036', N'Screen Shot 2019-09-11 at 08.49.46.png', '1', '2019-09-25 03:43:30.9130000', '4'),
('1037', N'Screen Shot 2019-09-11 at 08.49.46.png', '1', '2019-09-25 03:43:42.0840000', '5'),
('1038', N'Screen Shot 2019-09-11 at 08.49.46.png', '1', '2019-09-25 03:45:53.2630000', '6'),
('1039', N'Screen Shot 2019-09-11 at 08.49.46.png', '1', '2019-09-25 03:46:01.4420000', '4'),
('1040', N'Screen Shot 2019-09-11 at 08.49.46.png', '1', '2019-09-25 03:46:08.9170000', '5'),
('1041', N'Screen Shot 2019-09-11 at 08.49.46.png', '1', '2019-09-25 03:52:11.7490000', '6'),
('1042', N'Screen Shot 2019-09-11 at 08.49.46.png', '1', '2019-09-25 03:52:24.4240000', '4'),
('1043', N'Screen Shot 2019-09-11 at 08.49.46.png', '1', '2019-09-25 03:52:35.4010000', '5'),
('1044', N'Screen Shot 2019-09-11 at 08.49.46.png', '1', '2019-09-25 03:54:38.2220000', '9'),
('1045', N'Screen Shot 2019-09-11 at 08.49.46.png', '1', '2019-09-25 03:54:49.6270000', '8'),
('1046', N'informasi_vcn.png', '1', '2019-09-25 04:01:30.6230000', '9'),
('1047', N'download.jpg', '1', '2019-09-25 04:01:39.7900000', '8'),
('1048', N'Rumah Sakit Rekanan.jpeg', '1', '2019-09-25 04:07:57.9390000', '9'),
('1049', N'Equity Life.jpg', '1', '2019-09-25 04:08:08.6540000', '8'),
('1050', N'unnamed.jpg', '1', '2019-09-25 06:30:25.3840000', '6'),
('1051', N'papan.jpg', '1', '2019-09-25 06:30:38.8250000', '4'),
('1052', N'screen_1.png', '1', '2019-09-25 06:30:57.0550000', '5'),
('1053', N'Rumah Sakit Rekanan.jpeg', '1', '2019-09-25 06:42:00.4340000', '6'),
('1054', N'photo_carouse.jpg', '1', '2019-09-25 06:42:10.3790000', '4'),
('1055', N'Equity Life.jpg', '1', '2019-09-25 06:42:19.1450000', '5'),
('1056', N'Rumah Sakit Rekanan.jpeg', '1', '2019-09-25 06:49:54.2400000', '6'),
('1057', N'Equity Life.jpg', '1', '2019-09-25 06:50:02.1720000', '4'),
('1058', N'photo_carouse.jpg', '1', '2019-09-25 06:50:11.1970000', '5'),
('1059', N'PO-MCM-002-R00_Administrasi_Materi_Collaterals_Tidak_Terkendali.pdf', '1', '2019-09-26 04:32:45.9030000', '6'),
('1060', N'ilovepdf_merged_01.pdf', '1', '2019-09-26 04:32:58.5940000', '4'),
('1061', N'Rumah Sakit Rekanan.jpeg', '1', '2019-09-26 04:33:08.9510000', '5'),
('1062', N'Rumah Sakit Rekanan.jpeg', '1', '2019-09-26 04:41:41.1390000', '6'),
('1063', N'PO-MCM-002-R00_Administrasi_Materi_Collaterals_Terkendali.pdf', '1', '2019-09-26 04:41:56.4110000', '4'),
('1064', N'Lampiran_PO_Marcom.pdf', '1', '2019-09-26 04:42:08.4580000', '5'),
('1065', N'Screen Shot 2019-09-11 at 08.49.46.png', '1', '2019-09-26 05:04:09.7320000', '6'),
('1066', N'Screen Shot 2019-09-11 at 08.49.46.png', '1', '2019-09-26 05:04:17.6160000', '4'),
('1067', N'Screen Shot 2019-09-11 at 08.49.46.png', '1', '2019-09-26 05:04:25.2670000', '5'),
('1068', N'Screen Shot 2019-09-11 at 08.49.46.png', '1', '2019-09-26 05:05:16.4340000', '20'),
('1069', N'PO-MCM-002-R00_Administrasi_Materi_Collaterals_Terkendali.pdf', '1', '2019-09-26 06:55:12.9560000', '6'),
('1070', N'Rumah Sakit Rekanan.jpeg', '1', '2019-09-26 06:55:24.0820000', '4'),
('1071', N'PO-MCM-002-R00_Administrasi_Materi_Collaterals_Tidak_Terkendali.pdf', '1', '2019-09-26 06:55:59.4570000', '5'),
('1072', N'PO-MCM-002-R00_Administrasi_Materi_Collaterals_Terkendali.pdf', '1', '2019-09-26 07:15:28.3190000', '6'),
('1073', N'Lampiran_PO_Marcom.pdf', '1', '2019-09-26 07:15:36.9740000', '4'),
('1074', N'Rumah Sakit Rekanan.jpeg', '1', '2019-09-26 07:15:49.5080000', '5'),
('1075', N'photo_carouse.jpg', '1', '2019-09-26 07:26:18.8670000', '6'),
('1076', N'PO-MCM-002-R00_Administrasi_Materi_Collaterals_Terkendali.pdf', '1', '2019-09-26 07:26:37.7300000', '4'),
('1077', N'ilovepdf_merged.pdf', '1', '2019-09-26 07:28:01.9590000', '5'),
('1078', N'PO-MCM-002-R00_Administrasi_Materi_Collaterals_Terkendali.pdf', '1', '2019-09-26 08:02:13.0330000', '6'),
('1079', N'Rumah Sakit Rekanan.jpeg', '1', '2019-09-26 08:04:50.2430000', '4'),
('1080', N'photo_carouse.jpg', '1', '2019-09-26 08:05:13.5390000', '5'),
('1081', N'Rumah Sakit Rekanan.jpeg', '1', '2019-09-26 08:11:12.2380000', '6'),
('1082', N'photo_carouse.jpg', '1', '2019-09-26 08:12:16.1710000', '4'),
('1083', N'PO-MCM-002-R00_Administrasi_Materi_Collaterals_Terkendali.pdf', '1', '2019-09-26 08:12:29.9730000', '5'),
('1084', N'PO-MCM-002-R00_Administrasi_Materi_Collaterals_Terkendali.pdf', '1', '2019-09-26 08:23:55.3410000', '6'),
('1085', N'ilovepdf_merged_01.pdf', '1', '2019-09-26 08:24:47.7410000', '5'),
('1086', N'Lampiran_PO_Marcom.pdf', '1', '2019-09-26 08:24:56.6960000', '4'),
('1087', N'PO-MCM-002-R00_Administrasi_Materi_Collaterals_Terkendali.pdf', '1', '2019-09-26 08:37:46.2240000', '6'),
('1088', N'Rumah Sakit Rekanan.jpeg', '1', '2019-09-26 08:38:03.1980000', '4'),
('1089', N'Dukcapil.png', '1', '2019-09-26 08:38:40.8950000', '5'),
('1090', N'Rumah Sakit Rekanan.jpeg', '1', '2019-09-26 08:47:48.7260000', '24'),
('1091', N'Rumah Sakit Rekanan.jpeg', '1', '2019-09-26 08:53:09.1600000', '6'),
('1092', N'PO-MCM-002-R00_Administrasi_Materi_Collaterals_Terkendali.pdf', '1', '2019-09-26 08:53:44.2570000', '4'),
('1093', N'PO-MCM-002-R00_Administrasi_Materi_Collaterals_Terkendali.pdf', '1', '2019-09-26 08:55:42.6800000', '24'),
('1094', N'ilovepdf_merged.pdf', '1', '2019-09-26 08:58:46.3940000', '25'),
('1095', N'PO-MCM-002-R00_Administrasi_Materi_Collaterals_Terkendali.pdf', '1', '2019-09-26 09:14:27.1290000', '6'),
('1096', N'PO-MCM-002-R00_Administrasi_Materi_Collaterals_Tidak_Terkendali.pdf', '1', '2019-09-26 09:15:24.3120000', '24'),
('1097', N'1078116334.jpg', '1', '2019-09-26 10:08:18.0810000', '25'),
('1098', N'a8462bdb13bf1fa6186153db5e755b46.png', '1', '2019-09-26 10:08:42.6580000', '24'),
('1099', N'14p2is.jpg', '1', '2019-09-26 10:10:36.1630000', '24'),
('1100', N'14p2is.jpg', '1', '2019-09-26 10:10:47.5790000', '25'),
('1101', N'PO-MCM-002-R00_Administrasi_Materi_Collaterals_Terkendali.pdf', '1', '2019-09-26 10:28:11.9240000', '6'),
('1102', N'PO-MCM-002-R00_Administrasi_Materi_Collaterals_Tidak_Terkendali.pdf', '1', '2019-09-26 10:29:09.4060000', '24'),
('1103', N'PO-MCM-002-R00_Administrasi_Materi_Collaterals_Terkendali.pdf', '1', '2019-09-26 10:29:51.3350000', '20'),
('1104', N'ilovepdf_merged_01.pdf', '1', '2019-09-26 10:29:59.5650000', '21'),
('1105', N'Lampiran_PO_Marcom.pdf', '1', '2019-09-26 10:30:07.2710000', '22'),
('1106', N'PO-MCM-002-R00_Administrasi_Materi_Collaterals_Terkendali.pdf', '1', '2019-09-26 10:43:42.8590000', '6'),
('1107', N'ilovepdf_merged.pdf', '1', '2019-09-26 10:43:49.7660000', '4'),
('1108', N'ilovepdf_merged.pdf', '1', '2019-09-26 10:43:56.3100000', '5'),
('1109', N'PO-MCM-002-R00_Administrasi_Materi_Collaterals_Tidak_Terkendali.pdf', '1', '2019-09-26 10:46:22.0620000', '24'),
('1110', N'ilovepdf_merged.pdf', '1', '2019-09-26 10:46:28.2770000', '25'),
('1111', N'ilovepdf_merged.pdf', '1', '2019-09-26 10:46:35.2440000', '26'),
('1112', N'PO-MCM-002-R00_Administrasi_Materi_Collaterals_Terkendali.pdf', '1', '2019-09-26 10:48:24.5190000', '6'),
('1113', N'ilovepdf_merged.pdf', '1', '2019-09-26 10:48:31.9050000', '4'),
('1114', N'ilovepdf_merged.pdf', '1', '2019-09-26 10:48:39.8360000', '5'),
('1115', N'PO-MCM-002-R00_Administrasi_Materi_Collaterals_Terkendali.pdf', '1', '2019-09-26 10:58:25.1200000', '24'),
('1116', N'Rumah Sakit Rekanan.jpeg', '1', '2019-09-26 10:58:45.0810000', '25'),
('1117', N'Rumah Sakit Rekanan.jpeg', '1', '2019-09-26 10:58:54.0640000', '26'),
('1118', N'Equity Life.jpg', '1', '2019-09-26 11:01:16.1840000', '6'),
('1119', N'Rumah Sakit Rekanan.jpeg', '1', '2019-09-26 11:01:43.6260000', '6'),
('1120', N'Dukcapil.png', '1', '2019-09-26 11:02:00.8910000', '5'),
('1121', N'Rumah Sakit Rekanan.jpeg', '1', '2019-09-26 11:12:56.2310000', '6'),
('1122', N'Dukcapil.png', '1', '2019-09-26 11:13:02.7600000', '4'),
('1123', N'Equity Life.jpg', '1', '2019-09-26 11:13:09.4620000', '5'),
('1124', N'Rumah Sakit Rekanan.jpeg', '1', '2019-09-26 11:21:07.8080000', '20'),
('1125', N'Equity Life.jpg', '1', '2019-09-26 11:21:14.3700000', '21'),
('1126', N'Equity Life.jpg', '1', '2019-09-26 11:21:21.7020000', '22'),
('1127', N'Screen Shot 2019-09-11 at 08.49.46.png', '1', '2019-09-26 11:27:19.7670000', '20'),
('1128', N'Screen Shot 2019-09-11 at 08.49.46.png', '1', '2019-09-26 11:27:28.3280000', '21'),
('1129', N'Screen Shot 2019-09-11 at 08.49.46.png', '1', '2019-09-26 11:32:56.0020000', '20'),
('1130', N'Screen Shot 2019-09-11 at 08.49.46.png', '1', '2019-09-26 11:33:04.6650000', '21'),
('1131', N'Screen Shot 2019-09-11 at 08.49.46.png', '1', '2019-09-26 11:34:39.0510000', '20'),
('1132', N'Screen Shot 2019-09-11 at 08.49.46.png', '1', '2019-09-26 11:35:23.2690000', '20'),
('1133', N'Screen Shot 2019-09-11 at 08.49.46.png', '1', '2019-09-26 11:36:36.6790000', '20'),
('1134', N'Screen Shot 2019-09-11 at 08.49.46.png', '1', '2019-09-26 11:43:38.3110000', '20'),
('1135', N'Screen Shot 2019-09-11 at 08.49.46.png', '1', '2019-09-26 11:45:18.0390000', '21'),
('1136', N'Rumah Sakit Rekanan.jpeg', '1', '2019-09-26 11:56:56.2190000', '6'),
('1137', N'PO-MCM-002-R00_Administrasi_Materi_Collaterals_Terkendali.pdf', '1', '2019-09-26 11:57:12.8760000', '4'),
('1138', N'PO-MCM-002-R00_Administrasi_Materi_Collaterals_Tidak_Terkendali.pdf', '1', '2019-09-26 11:57:29.0030000', '5'),
('1139', N'Screen Shot 2019-09-11 at 08.49.46.png', '1', '2019-09-26 12:00:51.8410000', '20'),
('1140', N'Screen Shot 2019-09-11 at 08.49.46.png', '1', '2019-09-26 12:01:20.3970000', '22'),
('1141', N'Screen Shot 2019-09-11 at 08.49.46.png', '1', '2019-09-26 12:01:50.1450000', '21'),
('1142', N'Screen Shot 2019-09-11 at 08.49.46.png', '1', '2019-09-26 12:05:26.6630000', '22'),
('1143', N'Screen Shot 2019-09-11 at 08.49.46.png', '1', '2019-09-26 12:05:37.5260000', '21'),
('1144', N'Screen Shot 2019-09-11 at 08.49.46.png', '1', '2019-09-26 12:05:49.3010000', '20'),
('1145', N'ilovepdf_merged_01.pdf', '1', '2019-09-26 12:25:34.8680000', '6'),
('1146', N'gettyimages-86108078-612x612.jpg', '1', '2019-09-26 21:16:37.3710000', '6'),
('1147', N'gettyimages-86108078-612x612.jpg', '1', '2019-09-27 08:13:55.3180000', '6'),
('1148', N'gettyimages-86108078-612x612.jpg', '1', '2019-09-27 08:14:27.6620000', '6'),
('1149', N'Screen Shot 2019-09-11 at 08.49.46.png', '1', '2019-09-27 02:10:17.2990000', '16'),
('1150', N'Screen Shot 2019-09-11 at 08.49.46.png', '1', '2019-09-27 02:12:54.3470000', '18'),
('1151', N'Screen Shot 2019-09-11 at 08.49.46.png', '1', '2019-09-27 02:21:39.9250000', '18'),
('1152', N'Screen Shot 2019-09-11 at 08.49.46.png', '1', '2019-09-27 02:21:50.8040000', '16'),
('1153', N'Screen Shot 2019-09-11 at 08.49.46.png', '1', '2019-09-27 02:22:19.4290000', '16'),
('1154', N'Screen Shot 2019-09-11 at 08.49.46.png', '1', '2019-09-27 02:28:23.1160000', '18'),
('1155', N'guru.jpg', '1', '2019-09-27 06:55:31.6450000', '18'),
('1156', N'download.jpg', '1', '2019-09-27 06:56:08.5730000', '16'),
('1157', N'kwitansi_firman.png', '1', '2019-09-27 06:56:45.4050000', '17'),
('1158', N'Rumah Sakit Rekanan.jpeg', '1', '2019-09-27 07:07:54.3780000', '18'),
('1159', N'guru.jpg', '1', '2019-09-27 07:08:37.9210000', '18'),
('1160', N'equity.png', '1', '2019-09-27 07:13:37.5060000', '18'),
('1161', N'Rumah Sakit Rekanan.jpeg', '1', '2019-09-27 07:14:34.8430000', '16'),
('1162', N'Rumah Sakit Rekanan.jpeg', '1', '2019-09-27 07:17:28.0450000', '18'),
('1163', N'PO-MCM-002-R00_Administrasi_Materi_Collaterals_Terkendali.pdf', '1', '2019-09-27 07:20:02.6860000', '18'),
('1164', N'Rumah Sakit Rekanan.jpeg', '1', '2019-09-27 07:20:44.9600000', '16'),
('1165', N'PO-MCM-002-R00_Administrasi_Materi_Collaterals_Tidak_Terkendali.pdf', '1', '2019-09-27 07:21:12.6890000', '17'),
('1166', N'PO-MCM-002-R00_Administrasi_Materi_Collaterals_Terkendali.pdf', '1', '2019-09-27 07:28:38.2130000', '18'),
('1167', N'ilovepdf_merged_01.pdf', '1', '2019-09-27 07:28:47.7830000', '16'),
('1168', N'equity.png', '1', '2019-09-27 07:29:00.2880000', '17'),
('1169', N'equity.png', '1', '2019-09-27 07:31:46.5080000', '36'),
('1170', N'Rumah Sakit Rekanan.jpeg', '1', '2019-09-27 07:31:54.6730000', '37'),
('1171', N'Rumah Sakit Rekanan.jpeg', '1', '2019-09-27 07:33:22.2020000', '18'),
('1172', N'photo_carouse.jpg', '1', '2019-09-27 07:33:43.9950000', '16'),
('1173', N'Equity Life.jpg', '1', '2019-09-27 07:33:53.5560000', '17'),
('1174', N'informasi_vcn.png', '1', '2019-09-27 07:36:26.2010000', '18'),
('1175', N'download.jpg', '1', '2019-09-27 07:36:33.9460000', '16'),
('1176', N'screen_1.png', '1', '2019-09-27 07:36:44.1430000', '17'),
('1177', N'Rumah Sakit Rekanan.jpeg', '1', '2019-09-27 07:43:44.1600000', '18'),
('1178', N'Rumah Sakit Rekanan.jpeg', '1', '2019-09-27 07:51:06.0200000', '16'),
('1179', N'equity.png', '1', '2019-09-27 07:51:12.9860000', '17'),
('1180', N'Rumah Sakit Rekanan.jpeg', '1', '2019-09-27 07:54:51.7630000', '17'),
('1181', N'Rumah Sakit Rekanan.jpeg', '1', '2019-09-27 08:27:02.4660000', '18'),
('1182', N'photo_carouse.jpg', '1', '2019-09-27 08:27:11.7560000', '16'),
('1183', N'Dukcapil.png', '1', '2019-09-27 08:27:26.8700000', '17'),
('1184', N'photo_carouse.jpg', '1', '2019-09-27 08:38:15.8410000', '17'),
('1185', N'equity.png', '1', '2019-09-27 08:39:40.1140000', '18'),
('1186', N'Rumah Sakit Rekanan.jpeg', '1', '2019-09-27 08:41:48.0860000', '18'),
('1187', N'PO-MCM-002-R00_Administrasi_Materi_Collaterals_Tidak_Terkendali.pdf', '1', '2019-09-27 08:42:08.5050000', '16'),
('1188', N'ilovepdf_merged.pdf', '1', '2019-09-27 08:42:56.9350000', '17'),
('1189', N'Rumah Sakit Rekanan.jpeg', '1', '2019-09-27 09:08:59.7670000', '18'),
('1190', N'Equity Life.jpg', '1', '2019-09-27 09:09:09.6340000', '16'),
('1191', N'Dukcapil.png', '1', '2019-09-27 09:09:53.4780000', '17'),
('1192', N'photo_carouse.jpg', '1', '2019-09-27 09:32:23.4910000', '18'),
('1193', N'Dukcapil.png', '1', '2019-09-27 09:32:33.1590000', '16'),
('1194', N'Equity Life.jpg', '1', '2019-09-27 09:33:13.5480000', '17'),
('1195', N'Dukcapil.png', '1', '2019-09-27 09:56:39.8390000', '18'),
('1196', N'Rumah Sakit Rekanan.jpeg', '1', '2019-09-27 09:56:51.8370000', '16'),
('1197', N'Equity Life.jpg', '1', '2019-09-27 09:57:49.3320000', '17'),
('1198', N'Rumah Sakit Rekanan.jpeg', '1', '2019-09-27 10:33:00.0250000', '6'),
('1199', N'Equity Life.jpg', '1', '2019-09-27 10:33:10.5110000', '4'),
('1200', N'Dukcapil.png', '1', '2019-09-27 10:33:18.2310000', '5'),
('1201', N'photo_carouse.jpg', '1', '2019-09-27 10:35:00.9650000', '13'),
('1202', N'photo_carouse.jpg', '1', '2019-09-27 10:35:07.7770000', '14'),
('1203', N'photo_carouse.jpg', '1', '2019-09-30 01:23:31.7860000', '18'),
('1204', N'Lampiran_PO_Marcom.pdf', '1', '2019-09-30 01:27:05.0030000', '16'),
('1205', N'PO-MCM-002-R00_Administrasi_Materi_Collaterals_Terkendali.pdf', '1', '2019-09-30 01:30:28.1400000', '17'),
('1206', N'0_GySwwuI3H3uYVYIh.jpg', '1', '2019-09-30 02:00:18.5520000', '16'),
('1207', N'4b2cdd0d-ac5a-46a5-a702-0b854035ed4e.png', '1', '2019-09-30 02:00:40.2980000', '17'),
('1208', N'0_GySwwuI3H3uYVYIh.jpg', '1', '2019-09-30 02:14:07.2980000', '16'),
('1209', N'0_GySwwuI3H3uYVYIh.jpg', '1', '2019-09-30 02:14:14.9940000', '17'),
('1210', N'0_GySwwuI3H3uYVYIh.jpg', '1', '2019-09-30 02:26:52.1780000', '16'),
('1211', N'0_GySwwuI3H3uYVYIh.jpg', '1', '2019-09-30 02:27:02.4970000', '17'),
('1212', N'0_GySwwuI3H3uYVYIh.jpg', '1', '2019-09-30 02:30:50.8180000', '16'),
('1213', N'0_GySwwuI3H3uYVYIh.jpg', '1', '2019-09-30 02:30:56.3250000', '17'),
('1214', N'0_GySwwuI3H3uYVYIh.jpg', '1', '2019-09-30 02:32:52.4850000', '16'),
('1215', N'0_GySwwuI3H3uYVYIh.jpg', '1', '2019-09-30 02:32:57.4260000', '17'),
('1216', N'0_GySwwuI3H3uYVYIh.jpg', '1', '2019-09-30 02:39:37.9410000', '18'),
('1217', N'0_GySwwuI3H3uYVYIh.jpg', '1', '2019-09-30 02:39:47.5720000', '16'),
('1218', N'PO-MCM-002-R00_Administrasi_Materi_Collaterals_Terkendali.pdf', '1', '2019-09-30 02:42:34.0810000', '6'),
('1219', N'Lampiran_PO_Marcom.pdf', '1', '2019-09-30 02:43:03.1040000', '4'),
('1220', N'0_GySwwuI3H3uYVYIh.jpg', '1', '2019-09-30 02:51:19.8070000', '16'),
('1221', N'0_GySwwuI3H3uYVYIh.jpg', '1', '2019-09-30 02:51:26.2310000', '17'),
('1222', N'0_GySwwuI3H3uYVYIh.jpg', '1', '2019-09-30 03:17:56.4840000', '18'),
('1223', N'0_GySwwuI3H3uYVYIh.jpg', '1', '2019-09-30 03:18:05.4330000', '16'),
('1224', N'Sinergy Consultancy I_Setting Undw.PNG', '1', '2019-09-30 06:32:47.5160000', '18'),
('1225', N'ilovepdf_merged.pdf', '1', '2019-09-30 06:36:23.4970000', '16'),
('1226', N'Lampiran_PO_Marcom.pdf', '1', '2019-09-30 06:36:31.3490000', '17'),
('1227', N'Sinergy Consultancy I_Setting Undw.PNG', '1', '2019-09-30 06:39:38.4320000', '18'),
('1228', N'PO-MCM-002-R00_Administrasi_Materi_Collaterals_Tidak_Terkendali.pdf', '1', '2019-09-30 06:40:34.9330000', '16'),
('1229', N'Lampiran_PO_Marcom.pdf', '1', '2019-09-30 06:40:44.9060000', '17'),
('1230', N'PO-MCM-002-R00_Administrasi_Materi_Collaterals_Tidak_Terkendali.pdf', '1', '2019-09-30 06:44:20.8850000', '18'),
('1231', N'PO-MCM-002-R00_Administrasi_Materi_Collaterals_Tidak_Terkendali.pdf', '1', '2019-09-30 06:45:16.5500000', '17'),
('1232', N'ilovepdf_merged_01.pdf', '1', '2019-09-30 06:45:24.4630000', '16'),
('1233', N'0_GySwwuI3H3uYVYIh.jpg', '1', '2019-09-30 07:05:02.1810000', '16'),
('1234', N'0_GySwwuI3H3uYVYIh.jpg', '1', '2019-09-30 07:05:12.2670000', '17'),
('1235', N'Equity Life.jpg', '1', '2019-09-30 07:05:35.1380000', '18'),
('1236', N'photo_carouse.jpg', '1', '2019-09-30 07:06:25.5450000', '17'),
('1237', N'Dukcapil.png', '1', '2019-09-30 07:06:32.8600000', '16'),
('1238', N'PO-MCM-002-R00_Administrasi_Materi_Collaterals_Tidak_Terkendali.pdf', '1', '2019-09-30 07:12:20.9110000', '18'),
('1239', N'Sinergy Consultancy I_Setting Undw.PNG', '1', '2019-09-30 07:13:03.9320000', '17'),
('1240', N'Sinergy Consultancy II_Setting Undw.PNG', '1', '2019-09-30 07:13:12.3680000', '16'),
('1241', N'0_GySwwuI3H3uYVYIh.jpg', '1', '2019-09-30 07:43:24.9630000', '16'),
('1242', N'0_GySwwuI3H3uYVYIh.jpg', '1', '2019-09-30 07:43:33.5220000', '17'),
('1243', N'0_GySwwuI3H3uYVYIh.jpg', '1', '2019-09-30 09:02:20.1080000', '16'),
('1244', N'0_GySwwuI3H3uYVYIh.jpg', '1', '2019-09-30 09:02:32.5440000', '17'),
('1245', N'0_GySwwuI3H3uYVYIh.jpg', '1', '2019-09-30 09:18:49.9810000', '18'),
('1246', N'0_GySwwuI3H3uYVYIh.jpg', '1', '2019-09-30 09:21:34.9790000', '16'),
('1247', N'0_GySwwuI3H3uYVYIh.jpg', '1', '2019-09-30 09:21:43.2560000', '17'),
('1248', N'0_GySwwuI3H3uYVYIh.jpg', '1', '2019-09-30 09:21:50.8600000', '18'),
('1249', N'0_GySwwuI3H3uYVYIh.jpg', '1', '2019-09-30 09:27:13.3300000', '16'),
('1250', N'0_GySwwuI3H3uYVYIh.jpg', '1', '2019-09-30 09:29:46.3740000', '17'),
('1251', N'gettyimages-86108078-612x612.jpg', '1', '2019-09-30 16:35:42.3940000', NULL),
('1252', N'gettyimages-86108078-612x612.jpg', '1', '2019-09-30 09:52:32.4280000', NULL),
('1253', N'0_GySwwuI3H3uYVYIh.jpg', '1', '2019-09-30 09:54:40.2000000', '18'),
('1254', N'6f269da535f46af50d3d2378196f4e59.jpg', '1', '2019-09-30 10:19:09.8000000', '16'),
('1255', N'6f269da535f46af50d3d2378196f4e59.jpg', '1', '2019-09-30 10:19:19.4670000', '17'),
('1256', N'6f269da535f46af50d3d2378196f4e59.jpg', '1', '2019-09-30 10:19:28.6990000', '18'),
('1257', N'6f269da535f46af50d3d2378196f4e59.jpg', '1', '2019-09-30 10:32:07.5160000', '16'),
('1258', N'6f269da535f46af50d3d2378196f4e59.jpg', '1', '2019-09-30 10:33:50.0500000', '16'),
('1259', N'6f269da535f46af50d3d2378196f4e59.jpg', '1', '2019-09-30 10:35:18.7440000', '17'),
('1260', N'6f269da535f46af50d3d2378196f4e59.jpg', '1', '2019-09-30 10:35:49.1910000', '17'),
('1261', N'0_GySwwuI3H3uYVYIh.jpg', '1', '2019-09-30 10:45:21.4800000', '16'),
('1262', N'0_GySwwuI3H3uYVYIh.jpg', '1', '2019-09-30 10:45:30.4990000', '17'),
('1263', N'0_GySwwuI3H3uYVYIh.jpg', '1', '2019-09-30 10:49:15.0770000', '16'),
('1264', N'0_GySwwuI3H3uYVYIh.jpg', '1', '2019-09-30 10:49:24.3390000', '17'),
('1265', N'0_GySwwuI3H3uYVYIh.jpg', '1', '2019-09-30 10:49:31.8480000', '18'),
('1266', N'6f269da535f46af50d3d2378196f4e59.jpg', '1', '2019-09-30 15:00:11.4300000', '17'),
('1267', N'Screen Shot 2019-10-01 at 06.20.24.png', '1', '2019-09-30 23:21:41.5050000', '18'),
('1268', N'Screen Shot 2019-10-01 at 06.20.24.png', '1', '2019-09-30 23:21:49.4620000', '16'),
('1269', N'6f269da535f46af50d3d2378196f4e59.jpg', '1', '2019-10-01 01:58:05.0520000', '16'),
('1270', N'6f269da535f46af50d3d2378196f4e59.jpg', '1', '2019-10-01 01:58:37.5010000', '17'),
('1271', N'6f269da535f46af50d3d2378196f4e59.jpg', '1', '2019-10-01 01:58:43.5400000', '18'),
('1272', N'Sinergy Consultancy II_Setting Undw.PNG', '1', '2019-10-01 04:49:03.7810000', '18'),
('1273', N'Sinergy Consultancy I_Setting Undw.PNG', '1', '2019-10-01 06:39:22.8100000', '18'),
('1274', N'PO-MCM-002-R00_Administrasi_Materi_Collaterals_Tidak_Terkendali.pdf', '1', '2019-10-01 06:40:21.1270000', '16'),
('1275', N'PO-MCM-002-R00_Administrasi_Materi_Collaterals_Terkendali.pdf', '1', '2019-10-01 06:40:33.6190000', '17'),
('1276', N'Screen Shot 2019-10-01 at 06.20.24.png', '1', '2019-10-01 07:01:10.2640000', '17'),
('1277', N'Lampiran_PO_Marcom.pdf', '1', '2019-10-01 07:08:07.4660000', '36'),
('1278', N'PO-MCM-002-R00_Administrasi_Materi_Collaterals_Tidak_Terkendali.pdf', '1', '2019-10-01 07:40:42.0020000', '6'),
('1279', N'Screen Shot 2019-10-01 at 06.20.24.png', '1', '2019-10-01 08:22:50.0180000', '36'),
('1280', N'6f269da535f46af50d3d2378196f4e59.jpg', '1', '2019-10-01 08:23:26.3220000', '13'),
('1281', N'6f269da535f46af50d3d2378196f4e59.jpg', '1', '2019-10-01 08:24:52.1290000', '17'),
('1282', N'240_F_85828862_hlgvp355CFau7otC4i53sMC9LB5WBe7i.jpg', '1', '2019-10-01 08:26:37.3680000', '36'),
('1283', N'6f269da535f46af50d3d2378196f4e59.jpg', '1', '2019-10-01 08:28:02.9850000', '14'),
('1284', N'file_0.jpg', '1', '2019-10-01 08:28:03.3930000', '36'),
('1285', N'file_0.jpg', '1', '2019-10-01 08:29:46.7800000', '36'),
('1286', N'09.png', '1', '2019-10-01 08:30:37.7420000', '36'),
('1287', N'6f269da535f46af50d3d2378196f4e59.jpg', '1', '2019-10-01 08:31:01.4130000', '18'),
('1288', N'6f269da535f46af50d3d2378196f4e59.jpg', '1', '2019-10-01 08:31:45.8820000', '16'),
('1289', N'09.png', '1', '2019-10-01 08:32:32.5080000', '18'),
('1290', N'6f269da535f46af50d3d2378196f4e59.jpg', '1', '2019-10-01 08:36:07.7220000', '17'),
('1291', N'PO-MCM-002-R00_Administrasi_Materi_Collaterals_Tidak_Terkendali.pdf', '1', '2019-10-02 01:36:15.7960000', '18'),
('1292', N'Sinergy Consultancy I_Setting Undw.PNG', '1', '2019-10-02 01:40:47.7250000', '17'),
('1293', N'Sinergy Consultancy III_Pendaftaran Peserta.PNG', '1', '2019-10-02 01:41:03.2050000', '16'),
('1294', N'PO-MCM-002-R00_Administrasi_Materi_Collaterals_Tidak_Terkendali.pdf', '1', '2019-10-02 02:48:42.8550000', '18'),
('1295', N'Sinergy Consultancy I_Setting Undw.PNG', '1', '2019-10-02 02:49:52.2970000', '17'),
('1296', N'Sinergy Consultancy III_Pendaftaran Peserta.PNG', '1', '2019-10-02 02:50:00.6010000', '16'),
('1297', N'PO-MCM-002-R00_Administrasi_Materi_Collaterals_Tidak_Terkendali.pdf', '1', '2019-10-02 02:54:25.7560000', '16'),
('1298', N'Sinergy Consultancy IV_Laporan Rasio Klaim.PNG', '1', '2019-10-02 02:54:36.6110000', '17'),
('1299', N'PO-MCM-002-R00_Administrasi_Materi_Collaterals_Tidak_Terkendali.pdf', '1', '2019-10-02 03:06:51.2270000', '36'),
('1300', N'PO-MCM-002-R00_Administrasi_Materi_Collaterals_Terkendali.pdf', '1', '2019-10-02 03:40:31.7310000', '6'),
('1301', N'Sinergy Consultancy V_Laporan Rasio Klaim Detail.PNG', '1', '2019-10-02 03:41:06.4020000', '4'),
('1302', N'ilovepdf_merged_01.pdf', '1', '2019-10-02 03:41:24.3590000', '5'),
('1303', N'240_F_270228356_gcfqkj06scSV48t4fHxCkDno5KqiYOK4.jpg', '1', '2019-10-02 08:38:16.2760000', '36'),
('1304', N'240_F_85828862_hlgvp355CFau7otC4i53sMC9LB5WBe7i.jpg', '1', '2019-10-02 08:38:16.2730000', '36'),
('1305', N'09.png', '1', '2019-10-02 08:46:40.3260000', '36'),
('1306', N'240_F_85828862_hlgvp355CFau7otC4i53sMC9LB5WBe7i.jpg', '1', '2019-10-02 09:35:47.5590000', '18'),
('1307', N'240_F_85828862_hlgvp355CFau7otC4i53sMC9LB5WBe7i.jpg', '1', '2019-10-02 09:35:57.0390000', '16'),
('1308', N'240_F_85828862_hlgvp355CFau7otC4i53sMC9LB5WBe7i.jpg', '1', '2019-10-02 09:36:07.7660000', '17'),
('1309', N'240_F_85828862_hlgvp355CFau7otC4i53sMC9LB5WBe7i.jpg', '1', '2019-10-02 09:45:58.8210000', '37'),
('1310', N'240_F_270228356_gcfqkj06scSV48t4fHxCkDno5KqiYOK4.jpg', '1', '2019-10-02 09:47:51.3850000', '36'),
('1311', N'file_0.jpg', '1', '2019-10-02 09:50:52.8800000', '36'),
('1312', N'pexels-photo-1115804.jpeg', '1', '2019-10-02 09:52:12.4600000', '36'),
('1313', N'pexels-photo-1115804.jpeg', '1', '2019-10-02 09:53:20.6570000', '36'),
('1314', N'pexels-photo-1115804.jpeg', '1', '2019-10-02 09:54:58.2470000', '36'),
('1315', N'pexels-photo-2990770.jpeg', '1', '2019-10-02 09:57:25.8460000', '18'),
('1316', N'pexels-photo-2990770.jpeg', '1', '2019-10-02 09:59:23.5130000', '16'),
('1317', N'newspaper.png', '1', '2019-10-02 10:02:23.7100000', '36'),
('1318', N'download.jpg', '1', '2019-10-02 10:18:13.3330000', '37'),
('1319', N'6f269da535f46af50d3d2378196f4e59.jpg', '1', '2019-10-02 10:48:08.9850000', '16'),
('1320', N'6f269da535f46af50d3d2378196f4e59.jpg', '1', '2019-10-02 10:48:16.0650000', '17'),
('1321', N'0_GySwwuI3H3uYVYIh.jpg', '1', '2019-10-02 10:48:23.5270000', '18'),
('1322', N'6f269da535f46af50d3d2378196f4e59.jpg', '1', '2019-10-02 10:53:13.8140000', '18'),
('1323', N'0_GySwwuI3H3uYVYIh.jpg', '1', '2019-10-02 10:53:24.8880000', '16'),
('1324', N'0_GySwwuI3H3uYVYIh.jpg', '1', '2019-10-02 10:53:37.4190000', '17'),
('1325', N'0_gNEveWLWu6hiGfXh.jpg', '1', '2019-10-02 10:53:45.2890000', '17'),
('1326', N'PO-MCM-002-R00_Administrasi_Materi_Collaterals_Tidak_Terkendali.pdf', '1', '2019-10-03 02:01:56.4300000', '18'),
('1327', N'Sinergy Consultancy I_Setting Undw.PNG', '1', '2019-10-03 02:04:41.7240000', '16'),
('1328', N'Sinergy Consultancy V_Laporan Rasio Klaim Detail.PNG', '1', '2019-10-03 02:04:54.1850000', '17'),
('1329', N'download.jpg', '1', '2019-10-03 02:08:55.0970000', '18'),
('1330', N'papan.jpg', '1', '2019-10-03 02:09:39.8870000', '17'),
('1331', N'screen_1.png', '1', '2019-10-03 02:09:50.4680000', '16'),
('1332', N'PO-MCM-002-R00_Administrasi_Materi_Collaterals_Terkendali.pdf', '1', '2019-10-03 02:13:25.1400000', '18'),
('1333', N'Sinergy Consultancy I_Setting Undw.PNG', '1', '2019-10-03 02:14:48.0000000', '17'),
('1334', N'Sinergy Consultancy III_Pendaftaran Peserta.PNG', '1', '2019-10-03 02:14:55.5010000', '16'),
('1335', N'Sinergy Consultancy I_Setting Undw.PNG', '1', '2019-10-03 02:20:03.5610000', '18'),
('1336', N'PO-MCM-002-R00_Administrasi_Materi_Collaterals_Tidak_Terkendali.pdf', '1', '2019-10-03 02:20:35.8260000', '16'),
('1337', N'Sinergy Consultancy III_Pendaftaran Peserta.PNG', '1', '2019-10-03 02:20:43.3190000', '17'),
('1338', N'PO-MCM-002-R00_Administrasi_Materi_Collaterals_Tidak_Terkendali.pdf', '1', '2019-10-03 02:32:03.9420000', '36'),
('1339', N'photo_carouse.jpg', '1', '2019-10-03 02:40:55.3820000', '18'),
('1340', N'Rumah Sakit Rekanan.jpeg', '1', '2019-10-03 02:41:21.5180000', '16'),
('1341', N'Dukcapil.png', '1', '2019-10-03 02:41:32.0320000', '17'),
('1342', N'Rumah Sakit Rekanan.jpeg', '1', '2019-10-03 02:51:50.4270000', '36'),
('1343', N'equity.png', '1', '2019-10-03 03:17:10.7040000', '18'),
('1344', N'photo_carouse.jpg', '1', '2019-10-03 03:18:48.3470000', '16'),
('1345', N'Equity Life.jpg', '1', '2019-10-03 03:18:57.6680000', '17'),
('1346', N'Rumah Sakit Rekanan.jpeg', '1', '2019-10-03 03:20:01.9690000', '36'),
('1347', N'equity.png', '1', '2019-10-03 03:20:09.3430000', '37'),
('1348', N'240_F_85828862_hlgvp355CFau7otC4i53sMC9LB5WBe7i (1).jpg', '1', '2019-10-03 04:01:54.1100000', '17'),
('1349', N'240_F_270228356_gcfqkj06scSV48t4fHxCkDno5KqiYOK4.jpg', '1', '2019-10-03 04:02:03.1490000', '16'),
('1350', N'240_F_270228356_gcfqkj06scSV48t4fHxCkDno5KqiYOK4.jpg', '1', '2019-10-03 04:12:30.1820000', '17'),
('1351', N'240_F_85828862_hlgvp355CFau7otC4i53sMC9LB5WBe7i (2).jpg', '1', '2019-10-03 04:19:33.3590000', '36'),
('1352', N'240_F_85828862_hlgvp355CFau7otC4i53sMC9LB5WBe7i.jpg', '1', '2019-10-03 04:26:10.8010000', '36'),
('1353', N'240_F_85828862_hlgvp355CFau7otC4i53sMC9LB5WBe7i (2).jpg', '1', '2019-10-03 04:26:17.9510000', '37'),
('1354', N'PO-MCM-002-R00_Administrasi_Materi_Collaterals_Tidak_Terkendali.pdf', '1', '2019-10-03 04:48:58.4980000', '18'),
('1355', N'Sinergy Consultancy I_Setting Undw.PNG', '1', '2019-10-03 04:50:29.7960000', '17'),
('1356', N'Sinergy Consultancy II_Setting Undw.PNG', '1', '2019-10-03 04:50:40.3960000', '16'),
('1357', N'240_F_85828862_hlgvp355CFau7otC4i53sMC9LB5WBe7i (2).jpg', '1', '2019-10-03 06:03:06.9920000', '36'),
('1358', N'Dukcapil.png', '1', '2019-10-03 06:43:54.1970000', '6'),
('1359', N'Rumah Sakit Rekanan.jpeg', '1', '2019-10-03 06:45:57.3650000', '4'),
('1360', N'photo_carouse.jpg', '1', '2019-10-03 06:46:07.9260000', '5'),
('1361', N'Equity Life.jpg', '1', '2019-10-03 06:48:56.7020000', '13'),
('1362', N'Dukcapil.png', '1', '2019-10-03 06:49:05.4370000', '14'),
('1363', N'equity.png', '1', '2019-10-03 06:53:57.1890000', '6'),
('1364', N'Equity Life.jpg', '1', '2019-10-03 06:54:05.6130000', '4'),
('1365', N'Dukcapil.png', '1', '2019-10-03 06:54:13.2420000', '5'),
('1366', N'Dukcapil.png', '1', '2019-10-03 06:54:51.1120000', '13'),
('1367', N'photo_carouse.jpg', '1', '2019-10-03 06:54:58.8230000', '14'),
('1368', N'photo_carouse.jpg', '1', '2019-10-03 06:55:08.6390000', '11'),
('1369', N'screen_1.png', '1', '2019-10-03 07:00:45.1080000', '36'),
('1370', N'download.jpg', '1', '2019-10-03 07:07:19.2520000', '36'),
('1371', N'Equity Life.jpg', '1', '2019-10-03 07:51:58.2010000', '17'),
('1372', N'photo_carouse.jpg', '1', '2019-10-03 08:52:40.8710000', '18'),
('1373', N'Rumah Sakit Rekanan.jpeg', '1', '2019-10-03 09:19:59.8440000', '18'),
('1374', N'photo_carouse.jpg', '1', '2019-10-03 09:21:11.1460000', '16'),
('1375', N'photo_carouse.jpg', '1', '2019-10-04 02:26:01.3230000', '18'),
('1376', N'Equity Life.jpg', '1', '2019-10-04 02:26:10.7750000', '16'),
('1377', N'equity.png', '1', '2019-10-04 02:27:57.7720000', '17'),
('1378', N'Equity Life.jpg', '1', '2019-10-04 02:31:30.3700000', '18'),
('1379', N'equity.png', '1', '2019-10-04 02:35:39.5730000', '36'),
('1380', N'Equity Life.jpg', '1', '2019-10-04 02:59:33.8500000', '17'),
('1381', N'photo_carouse.jpg', '1', '2019-10-04 02:59:47.0110000', '16'),
('1382', N'0_GySwwuI3H3uYVYIh.jpg', '1', '2019-10-04 07:12:11.9640000', '16'),
('1383', N'0_GySwwuI3H3uYVYIh.jpg', '1', '2019-10-04 07:12:21.7700000', '17'),
('1384', N'0_GySwwuI3H3uYVYIh.jpg', '1', '2019-10-04 07:12:37.5740000', '18'),
('1385', N'Dukcapil.png', '1', '2019-10-04 07:42:59.6790000', '6'),
('1386', N'photo_carouse.jpg', '1', '2019-10-04 07:43:09.9250000', '4'),
('1387', N'PO-MCM-002-R00_Administrasi_Materi_Collaterals_Tidak_Terkendali.pdf', '1', '2019-10-04 07:43:26.4270000', '5'),
('1388', N'Sinergy Consultancy I_Setting Undw.PNG', '1', '2019-10-04 07:44:58.4360000', '14'),
('1389', N'Sinergy Consultancy V_Laporan Rasio Klaim Detail.PNG', '1', '2019-10-04 07:45:05.8200000', '13'),
('1390', N'PO-MCM-002-R00_Administrasi_Materi_Collaterals_Tidak_Terkendali.pdf', '1', '2019-10-04 08:07:54.8570000', '18'),
('1391', N'Sinergy Consultancy II_Setting Undw.PNG', '1', '2019-10-04 08:08:21.7190000', '16'),
('1392', N'PO-MCM-002-R00_Administrasi_Materi_Collaterals_Tidak_Terkendali.pdf', '1', '2019-10-04 08:48:20.8590000', '18'),
('1393', N'Sinergy Consultancy III_Pendaftaran Peserta.PNG', '1', '2019-10-04 08:48:39.4460000', '16'),
('1394', N'ilovepdf_merged.pdf', '1', '2019-10-04 08:49:43.9620000', '17'),
('1395', N'PO-MCM-002-R00_Administrasi_Materi_Collaterals_Tidak_Terkendali.pdf', '1', '2019-10-07 03:29:32.2460000', '18'),
('1396', N'Sinergy Consultancy II_Setting Undw.PNG', '1', '2019-10-07 03:30:03.6600000', '16'),
('1397', N'Sinergy Consultancy I_Setting Undw.PNG', '1', '2019-10-07 03:33:35.6270000', '18'),
('1398', N'PO-MCM-002-R00_Administrasi_Materi_Collaterals_Terkendali.pdf', '1', '2019-10-07 03:33:46.3720000', '16'),
('1399', N'Sinergy Consultancy II_Setting Undw.PNG', '1', '2019-10-07 03:34:50.7980000', '17'),
('1400', N'PO-MCM-002-R00_Administrasi_Materi_Collaterals_Tidak_Terkendali.pdf', '1', '2019-10-07 03:37:25.7930000', '36'),
('1401', N'PO-MCM-002-R00_Administrasi_Materi_Collaterals_Tidak_Terkendali.pdf', '1', '2019-10-07 03:47:28.3410000', '6'),
('1402', N'Sinergy Consultancy I_Setting Undw.PNG', '1', '2019-10-07 03:47:37.0820000', '4'),
('1403', N'Sinergy Consultancy III_Pendaftaran Peserta.PNG', '1', '2019-10-07 03:47:45.8610000', '5'),
('1404', N'PO-MCM-002-R00_Administrasi_Materi_Collaterals_Tidak_Terkendali.pdf', '1', '2019-10-07 03:52:08.9050000', '18'),
('1405', N'Lampiran_PO_Marcom.pdf', '1', '2019-10-07 03:52:16.2980000', '16'),
('1406', N'Sinergy Consultancy I_Setting Undw.PNG', '1', '2019-10-07 03:52:23.6320000', '17'),
('1407', N'Sinergy Consultancy I_Setting Undw.PNG', '1', '2019-10-07 04:00:21.2910000', '6'),
('1408', N'PO-MCM-002-R00_Administrasi_Materi_Collaterals_Tidak_Terkendali.pdf', '1', '2019-10-07 04:00:29.1440000', '4'),
('1409', N'Sinergy Consultancy I_Setting Undw.PNG', '1', '2019-10-07 04:00:37.8140000', '5'),
('1410', N'Sinergy Consultancy I_Setting Undw.PNG', '1', '2019-10-07 04:03:28.3240000', '9'),
('1411', N'Sinergy Consultancy II_Setting Undw.PNG', '1', '2019-10-07 04:03:40.6800000', '8'),
('1412', N'PO-MCM-002-R00_Administrasi_Materi_Collaterals_Tidak_Terkendali.pdf', '1', '2019-10-08 02:19:33.6210000', '18'),
('1413', N'Sinergy Consultancy I_Setting Undw.PNG', '1', '2019-10-08 02:19:43.3860000', '16'),
('1414', N'Sinergy Consultancy I_Setting Undw.PNG', '1', '2019-10-08 02:20:29.2520000', '18'),
('1415', N'Sinergy Consultancy III_Pendaftaran Peserta.PNG', '1', '2019-10-08 02:20:45.7660000', '17'),
('1416', N'Dukcapil.png', '1', '2019-10-10 03:03:42.0900000', '18'),
('1417', N'Rumah Sakit Rekanan.jpeg', '1', '2019-10-10 03:03:51.4910000', '16'),
('1418', N'Equity Life.jpg', '1', '2019-10-10 03:04:01.7270000', '17'),
('1419', N'photo_carouse.jpg', '1', '2019-10-10 03:48:05.7980000', '6'),
('1420', N'Untitled_06092019_143055.pdf', '1', '2019-10-10 03:48:20.5270000', '4'),
('1421', N'photo_carouse.jpg', '1', '2019-10-10 03:48:37.0530000', '5'),
('1422', N'Rumah Sakit Rekanan.jpeg', '1', '2019-10-10 03:52:05.4560000', '6'),
('1423', N'photo_carouse.jpg', '1', '2019-10-10 04:31:18.4590000', '18'),
('1424', N'FR-FIN-016-R00 Rekap Transaksi-digabungkan.pdf', '1', '2019-10-10 04:34:39.4630000', '16'),
('1425', N'PO-MCM-002-R00_Administrasi_Materi_Collaterals_Tidak_Terkendali.pdf', '1', '2019-10-10 04:35:41.2690000', '17'),
('1426', N'240_F_85828862_hlgvp355CFau7otC4i53sMC9LB5WBe7i (1).jpg', '1', '2019-10-10 04:45:51.4160000', '13'),
('1427', N'240_F_85828862_hlgvp355CFau7otC4i53sMC9LB5WBe7i (1).jpg', '1', '2019-10-10 04:47:08.8860000', '36'),
('1428', N'240_F_85828862_hlgvp355CFau7otC4i53sMC9LB5WBe7i (1).jpg', '1', '2019-10-10 04:49:31.7640000', '17'),
('1429', N'240_F_85828862_hlgvp355CFau7otC4i53sMC9LB5WBe7i (1).jpg', '1', '2019-10-10 04:56:23.4100000', '6'),
('1430', N'240_F_85828862_hlgvp355CFau7otC4i53sMC9LB5WBe7i (1).jpg', '1', '2019-10-10 04:56:31.1480000', '4'),
('1431', N'240_F_85828862_hlgvp355CFau7otC4i53sMC9LB5WBe7i (1).jpg', '1', '2019-10-10 04:56:39.2920000', '5'),
('1432', N'240_F_85828862_hlgvp355CFau7otC4i53sMC9LB5WBe7i (1).jpg', '1', '2019-10-10 05:00:45.8570000', '6'),
('1433', N'240_F_85828862_hlgvp355CFau7otC4i53sMC9LB5WBe7i (1).jpg', '1', '2019-10-10 05:00:53.8170000', '4'),
('1434', N'240_F_85828862_hlgvp355CFau7otC4i53sMC9LB5WBe7i (1).jpg', '1', '2019-10-10 05:01:03.9350000', '5'),
('1435', N'PO-MCM-002-R00_Administrasi_Materi_Collaterals_Tidak_Terkendali.pdf', '1', '2019-10-10 06:43:38.0110000', '6'),
('1436', N'Sinergy Consultancy II_Setting Undw.PNG', '1', '2019-10-10 06:43:48.1940000', '4'),
('1437', N'Sinergy Consultancy V_Laporan Rasio Klaim Detail.PNG', '1', '2019-10-10 06:44:26.1150000', '5'),
('1438', N'PO-MCM-002-R00_Administrasi_Materi_Collaterals_Tidak_Terkendali.pdf', '1', '2019-10-10 07:32:00.5130000', '18'),
('1439', N'Sinergy Consultancy I_Setting Undw.PNG', '1', '2019-10-10 07:32:13.1640000', '16'),
('1440', N'Sinergy Consultancy V_Laporan Rasio Klaim Detail.PNG', '1', '2019-10-10 07:32:28.2910000', '17'),
('1441', N'PO-MCM-002-R00_Administrasi_Materi_Collaterals_Tidak_Terkendali.pdf', '1', '2019-10-10 07:59:13.5010000', '18'),
('1442', N'Sinergy Consultancy I_Setting Undw.PNG', '1', '2019-10-10 07:59:56.0890000', '17'),
('1443', N'Sinergy Consultancy III_Pendaftaran Peserta.PNG', '1', '2019-10-10 08:00:03.0010000', '16'),
('1444', N'PO-MCM-002-R00_Administrasi_Materi_Collaterals_Tidak_Terkendali.pdf', '1', '2019-10-10 08:13:15.8190000', '18'),
('1445', N'Sinergy Consultancy I_Setting Undw.PNG', '1', '2019-10-10 08:13:48.9010000', '16'),
('1446', N'Sinergy Consultancy I_Setting Undw.PNG', '1', '2019-10-10 08:15:12.8920000', '17'),
('1447', N'0_GySwwuI3H3uYVYIh.jpg', '1', '2019-10-10 09:45:16.5660000', '16'),
('1448', N'0_GySwwuI3H3uYVYIh.jpg', '1', '2019-10-10 09:45:23.1100000', '17'),
('1449', N'0_GySwwuI3H3uYVYIh.jpg', '1', '2019-10-10 09:45:29.7210000', '18'),
('1450', N'0_GySwwuI3H3uYVYIh.jpg', '1', '2019-10-10 11:19:01.3880000', '16'),
('1451', N'0_GySwwuI3H3uYVYIh.jpg', '1', '2019-10-10 11:19:21.1970000', '17'),
('1452', N'PO-MCM-002-R00_Administrasi_Materi_Collaterals_Tidak_Terkendali.pdf', '1', '2019-10-11 00:40:44.0090000', '18'),
('1453', N'Sinergy Consultancy II_Setting Undw.PNG', '1', '2019-10-11 00:50:41.7260000', '16'),
('1454', N'Sinergy Consultancy V_Laporan Rasio Klaim Detail.PNG', '1', '2019-10-11 01:04:12.2440000', '17'),
('1455', N'Sinergy Consultancy II_Setting Undw.PNG', '1', '2019-10-11 01:19:12.7670000', '36'),
('1456', N'Sinergy Consultancy III_Pendaftaran Peserta.PNG', '1', '2019-10-11 01:21:53.4560000', '36'),
('1457', N'PO-MCM-002-R00_Administrasi_Materi_Collaterals_Tidak_Terkendali.pdf', '1', '2019-10-11 01:27:27.5810000', '6'),
('1458', N'Sinergy Consultancy I_Setting Undw.PNG', '1', '2019-10-11 01:27:36.2790000', '4'),
('1459', N'Sinergy Consultancy I_Setting Undw.PNG', '1', '2019-10-11 01:35:31.7340000', '18'),
('1460', N'PO-MCM-002-R00_Administrasi_Materi_Collaterals_Tidak_Terkendali.pdf', '1', '2019-10-11 01:35:40.8950000', '16'),
('1461', N'Sinergy Consultancy IV_Laporan Rasio Klaim.PNG', '1', '2019-10-11 01:35:48.4870000', '17'),
('1462', N'PO-MCM-002-R00_Administrasi_Materi_Collaterals_Tidak_Terkendali.pdf', '1', '2019-10-11 01:43:11.1210000', '9'),
('1463', N'Sinergy Consultancy IV_Laporan Rasio Klaim.PNG', '1', '2019-10-11 01:43:20.4550000', '8'),
('1464', N'PO-MCM-002-R00_Administrasi_Materi_Collaterals_Tidak_Terkendali.pdf', '1', '2019-10-11 01:48:52.9470000', '34'),
('1465', N'Sinergy Consultancy III_Pendaftaran Peserta.PNG', '1', '2019-10-11 01:49:01.1060000', '32'),
('1466', N'Sinergy Consultancy V_Laporan Rasio Klaim Detail.PNG', '1', '2019-10-11 01:49:13.0670000', '33'),
('1467', N'services_.jpg', '1', '2019-10-11 03:07:59.8240000', '16'),
('1468', N'onepress2_hero.jpg', '1', '2019-10-11 03:08:09.1330000', '17'),
('1469', N'guru.jpg', '1', '2019-10-11 03:08:18.3070000', '18'),
('1470', N'Screen Shot 2019-10-01 at 06.20.24.png', '1', '2019-10-22 03:35:31.1140000', '17'),
('1471', N'Dukcapil.png', '1', '2019-10-25 04:14:28.6090000', '18'),
('1472', N'photo_carouse.jpg', '1', '2019-10-25 04:14:41.0540000', '16'),
('1473', N'Dukcapil.png', '1', '2019-10-25 04:14:52.4120000', '17'),
('1474', N'Equity Life.jpg', '1', '2019-10-28 03:16:26.1240000', '18'),
('1475', N'Rumah Sakit Rekanan.jpeg', '1', '2019-10-28 03:16:40.4240000', '16'),
('1476', N'Equity Life.jpg', '1', '2019-10-28 03:16:50.0190000', '17'),
('1477', N'Equity Life.jpg', '1', '2019-10-28 03:26:48.1360000', '18'),
('1478', N'Equity Life.jpg', '1', '2019-10-28 03:26:58.4820000', '16'),
('1479', N'Equity Life.jpg', '1', '2019-10-28 03:27:07.5070000', '17'),
('1480', N'6f269da535f46af50d3d2378196f4e59.jpg', '1', '2020-01-02 04:36:48.1880000', '17'),
('1481', N'6f269da535f46af50d3d2378196f4e59.jpg', '1', '2020-01-02 04:39:17.4990000', '17'),
('1482', N'681316_list_512x5122.png', '1', '2020-01-02 04:43:12.2940000', '38'),
('1483', N'681316_list_512x5122.png', '1', '2020-01-02 06:36:16.6820000', '38'),
('1484', N'Capture.PNG', '1', '2020-01-02 06:56:20.8940000', '38'),
('1485', N'0_GySwwuI3H3uYVYIh.jpg', '1', '2020-01-02 07:41:50.6670000', '38'),
('1486', N'ERIS_logo2.png', '1', '2020-01-02 08:56:24.5110000', '38'),
('1487', N'0_GySwwuI3H3uYVYIh.jpg', '1', '2020-01-02 09:31:41.1750000', '38'),
('1488', N'ERIS_logo2.png', '1', '2020-01-02 09:35:53.8210000', '38'),
('1489', N'20191229_183136.jpg', '1', '2020-01-02 10:47:14.2510000', '38'),
('1490', N'20191229_183136.jpg', '1', '2020-01-02 10:49:37.9900000', '38'),
('1491', N'0_GySwwuI3H3uYVYIh.jpg', '1', '2020-01-03 01:51:45.9590000', '38'),
('1492', N'0_GySwwuI3H3uYVYIh.jpg', '1', '2020-01-03 01:53:12.8890000', '38'),
('1493', N'Capture.PNG', '1', '2020-01-03 03:55:47.8300000', '38'),
('1494', N'hrd_logo.png', '1', '2020-01-08 06:33:16.4160000', '38'),
('1495', N'pak_irvan_vs_pak_eko.png', '1', '2020-01-08 06:33:39.8550000', '38'),
('1496', N'ERIS.jpg', '1', '2020-01-08 07:22:23.1800000', '38'),
('1497', N'ERIS_logo2.png', '1', '2020-01-08 07:25:47.3160000', '38'),
('1498', N'031406062.jpg', '1', '2020-01-08 07:35:34.4770000', '38'),
('1499', N'IMG_20160822_151751_edit.jpg', '1', '2020-01-08 08:27:21.5650000', '38'),
('1500', N'IMG_20160822_151751_edit.jpg', '1', '2020-01-08 08:32:43.3980000', '38'),
('1501', N'profesi_term.jpg', '1', '2020-01-08 09:41:54.2040000', '38');

INSERT INTO [dbo].[m_claim_document_file] ([id], [filename], [upload_by], [upload_date], [doc_id]) VALUES
('1502', N'BOLT_1.jpg', '1', '2020-01-08 09:43:59.2610000', '38'),
('1503', N'Surat_Kelahiran.jpg', '1', '2020-01-08 10:06:31.7030000', '38'),
('1504', N'ERIS.jpg', '1', '2020-01-08 10:10:16.2380000', '38'),
('1505', N'Chrysanthemum.jpg', '1', '2020-01-08 10:24:36.1600000', '38'),
('1506', N'Chrysanthemum1.jpg', '1', '2020-01-08 10:26:27.5280000', '38'),
('1507', N'Chrysanthemum.jpg', '1', '2020-01-08 10:30:11.9410000', '38'),
('1508', N'IMG_20160822_151751_edit.jpg', '1', '2020-01-08 10:34:01.4780000', '38'),
('1509', N'profesi_term.jpg', '1', '2020-01-08 10:35:19.8620000', '38'),
('1510', N'CC.jpg', '1', '2020-01-08 10:37:30.9540000', '38'),
('1511', N'Chrysanthemum.jpg', '1', '2020-01-13 04:03:03.9380000', '38'),
('1512', N'Tulips.jpg', '1', '2020-01-13 04:06:46.1510000', '38'),
('1513', N'Desert.jpg', '1', '2020-01-13 04:49:11.6620000', '38'),
('1514', N'Lighthouse.jpg', '1', '2020-01-13 08:29:18.6460000', '38'),
('1515', N'ipad-air-select-201903_FMT_WHH.jfif', '1', '2020-01-17 02:02:38.6650000', '38'),
('1516', N'0_BDYgrokG0mJXYYAA.png', '1', '2020-01-27 15:23:43.3100000', '17'),
('1517', N'0_gNEveWLWu6hiGfXh.jpg', '1', '2020-01-27 15:23:44.0570000', '17'),
('1518', N'0_GySwwuI3H3uYVYIh.jpg', '1', '2020-01-27 15:25:52.0810000', '17'),
('1519', N'software-journey.jpg', '1', '2020-01-29 07:49:08.4850000', '38'),
('1520', N'images - Copy.png', '1', '2020-01-29 07:51:11.1210000', '38'),
('1521', N'Helicoper View of Business Process.pdf', '1', '2020-01-29 07:56:35.6870000', '38'),
('1522', N'0302.pdf', '1', '2020-01-29 09:01:19.3440000', '38'),
('1523', N'0302.pdf', '1', '2020-01-29 09:09:32.5480000', '38'),
('1524', N'download (1).jpg', '1', '2020-01-31 05:09:25.5560000', '46'),
('1525', N'Resend SKL.jpg', '1', '2020-01-31 05:10:02.8320000', '48'),
('1526', N'Resend SKL.jpg', '1', '2020-01-31 05:10:06.7370000', '47'),
('1527', N'Resend SKL.jpg', '1', '2020-01-31 05:10:12.2860000', '49'),
('1528', N'Resend SKL.jpg', '1', '2020-01-31 05:10:14.9670000', '51'),
('1529', N'Resend SKL.jpg', '1', '2020-01-31 05:10:18.4740000', '50'),
('1530', N'KTP.JPG', '1', '2020-01-31 06:44:27.8720000', '54'),
('1531', N'KTP.JPG', '1', '2020-01-31 06:47:15.4570000', '55'),
('1532', N'KTP.JPG', '1', '2020-01-31 06:47:26.2670000', '56'),
('1533', N'KTP.JPG', '1', '2020-01-31 06:50:56.5850000', '53'),
('1534', N'images key 01.jpg', '1', '2020-01-31 07:45:40.9050000', '52'),
('1535', N'images key 01.jpg', '1', '2020-01-31 07:46:21.2100000', '54'),
('1536', N'images key 01.jpg', '1', '2020-01-31 07:47:52.3730000', '53'),
('1537', N'images key.jpg', '1', '2020-01-31 07:48:13.6310000', '57'),
('1538', N'images key 01.jpg', '1', '2020-01-31 07:48:41.3830000', '55'),
('1539', N'images key.jpg', '1', '2020-01-31 07:48:41.6500000', '55'),
('1540', N'images key02.jpg', '1', '2020-01-31 07:49:07.7760000', '56'),
('1541', N'images key.jpg', '1', '2020-01-31 07:49:26.3660000', '58'),
('1542', N'account - new joiner.xlsx', '1', '2020-01-31 08:03:33.7600000', '46'),
('1543', N'account - new joiner.xlsx', '1', '2020-01-31 08:04:05.2580000', '48'),
('1544', N'account - new joiner.xlsx', '1', '2020-01-31 08:04:26.1980000', '47'),
('1545', N'account - new joiner.xlsx', '1', '2020-01-31 08:05:13.4910000', '49'),
('1546', N'account - new joiner.xlsx', '1', '2020-01-31 08:05:32.0100000', '51'),
('1547', N'account - new joiner.xlsx', '1', '2020-01-31 08:05:48.4170000', '50'),
('1548', N'Failed Login Portal ELI.jpg', '1', '2020-01-31 09:36:14.2590000', '46'),
('1549', N'Failed Login Portal ELI.jpg', '1', '2020-01-31 09:37:06.9350000', '48'),
('1550', N'Desert.jpg', '1', '2020-01-31 09:37:49.5990000', '47'),
('1551', N'Tulips.jpg', '1', '2020-01-31 09:39:40.4150000', '47'),
('1552', N'Label dengan unit pelayanan.PDF', '1', '2020-02-03 04:06:28.9050000', '59'),
('1553', N'Image 01.PNG', '1', '2020-02-03 04:08:40.0360000', '46'),
('1554', N'equity.png', '1', '2020-02-03 04:09:25.2630000', '51'),
('1555', N'Equity Life.jpg', '1', '2020-02-03 10:13:52.3710000', '46'),
('1556', N'Equity Life.jpg', '1', '2020-02-03 10:14:10.9600000', '48'),
('1557', N'Rumah Sakit Rekanan.jpeg', '1', '2020-02-03 10:14:26.2300000', '47'),
('1558', N'Dukcapil.png', '1', '2020-02-03 10:14:42.7970000', '49'),
('1559', N'equity.png', '1', '2020-02-03 10:14:56.0030000', '51'),
('1560', N'Equity Life.jpg', '1', '2020-02-03 10:15:07.9290000', '50'),
('1561', N'Rumah Sakit Rekanan.jpeg', '1', '2020-02-03 10:19:22.3090000', '46'),
('1562', N'Dukcapil.png', '1', '2020-02-03 10:19:30.5230000', '48'),
('1563', N'Equity Life.jpg', '1', '2020-02-03 10:19:38.1910000', '47'),
('1564', N'photo_carouse.jpg', '1', '2020-02-03 10:19:48.2560000', '49'),
('1565', N'Dukcapil.png', '1', '2020-02-03 10:19:56.8310000', '51'),
('1566', N'equity.png', '1', '2020-02-03 10:20:03.9540000', '50'),
('1567', N'Rumah Sakit Rekanan.jpeg', '1', '2020-02-03 10:42:27.7050000', '46'),
('1568', N'Dukcapil.png', '1', '2020-02-03 10:42:33.7710000', '47'),
('1569', N'Equity Life.jpg', '1', '2020-02-03 10:42:40.3820000', '48'),
('1570', N'photo_carouse.jpg', '1', '2020-02-03 10:43:11.7380000', '51'),
('1571', N'Rumah Sakit Rekanan.jpeg', '1', '2020-02-03 10:43:22.9530000', '50'),
('1572', N'Dukcapil.png', '1', '2020-02-03 10:43:30.1300000', '47'),
('1573', N'equity.png', '1', '2020-02-03 10:43:38.1660000', '49'),
('1574', N'Equity Life.jpg', '1', '2020-02-03 10:43:45.9310000', '46'),
('1575', N'images - Copy.png', '1', '2020-02-04 07:35:13.4860000', '38'),
('1576', N'EXTEME_PROGRAMMING-512.png', '1', '2020-02-04 07:35:40.8620000', '38'),
('1577', N'Dukcapil.png', '1', '2020-02-04 07:57:45.4640000', '52'),
('1578', N'Equity Life.jpg', '1', '2020-02-04 07:57:56.9840000', '54'),
('1579', N'photo_carouse.jpg', '1', '2020-02-04 07:58:05.8330000', '53'),
('1580', N'photo_carouse.jpg', '1', '2020-02-04 07:58:16.0330000', '57'),
('1581', N'Rumah Sakit Rekanan.jpeg', '1', '2020-02-04 07:58:27.2940000', '55'),
('1582', N'equity.png', '1', '2020-02-04 07:58:49.4600000', '56'),
('1583', N'equity.png', '1', '2020-02-04 07:59:04.4490000', '58'),
('1584', N'Form Pengajuan Pembayaran Manfaat Asuransi (Asli).png', '1', '2020-02-07 01:45:49.3240000', '38'),
('1585', N'Fotokopi Identitas Diri Tertanggung.png', '1', '2020-02-07 01:46:00.2550000', '68'),
('1586', N'Surat Keterangan Dokter (Meninggal dari PT ELI) (Asli).png', '1', '2020-02-07 01:47:06.5730000', '67'),
('1587', N'Fotokopi KK tertanggung dan Ahli Waris.png', '1', '2020-02-07 01:47:17.3350000', '69'),
('1588', N'Fotokopi Legalisir Surat Keterangan, apabila tertanggung hilang dalam musibah.png', '1', '2020-02-07 01:47:27.7200000', '70'),
('1589', N'man risk 3.pdf', '1', '2020-02-07 07:23:46.3710000', '38'),
('1590', N'Book1.pdf', '1', '2020-02-07 07:24:03.3860000', '68'),
('1591', N'Invoice Tokopedia 20191002.pdf', '1', '2020-02-07 07:24:19.2160000', '67'),
('1592', N'PO-DPLK-002 (R01) DPLK.pdf', '1', '2020-02-07 07:24:50.9660000', '69'),
('1593', N'Flow BAS (4).pdf', '1', '2020-02-07 07:25:12.1540000', '70'),
('1594', N'Dukcapil.png', '1', '2020-02-14 01:56:56.9100000', '38'),
('1595', N'photo_carouse.jpg', '1', '2020-02-14 01:57:08.4050000', '68'),
('1596', N'Rumah Sakit Rekanan.jpeg', '1', '2020-02-14 01:57:17.0820000', '67'),
('1597', N'equity.png', '1', '2020-02-14 01:57:27.2330000', '69'),
('1598', N'equity.png', '1', '2020-02-14 01:57:39.0290000', '70'),
('1599', N'e-procedures.jpg', '1', '2020-02-14 09:01:30.5850000', '38'),
('1600', N'apu ppt eye-.jpg', '1', '2020-02-14 09:01:45.2270000', '68'),
('1601', N'!cid_D1FA49F3FD1C448EA17EE5624EBFF0F5@ELIFE_CO.png', '1', '2020-02-14 09:02:15.2160000', '67'),
('1602', N'Helpdesk_20170213.jpg', '1', '2020-02-14 09:02:19.4470000', '69'),
('1603', N'page2.jpg', '1', '2020-02-14 09:02:22.5190000', '70'),
('1604', N'CP 1-19.jpg', '1', '2020-02-14 09:02:29.3920000', '69'),
('1605', N'CP 1-19.jpg', '1', '2020-02-14 09:02:36.6050000', '70'),
('1606', N'Dukcapil.png', '1', '2020-02-18 02:22:16.1960000', '38'),
('1607', N'Rumah Sakit Rekanan.jpeg', '1', '2020-02-18 02:22:29.2910000', '68'),
('1608', N'photo_carouse.jpg', '1', '2020-02-18 02:22:37.8940000', '67'),
('1609', N'equity.png', '1', '2020-02-18 02:23:00.6790000', '69'),
('1610', N'equity.png', '1', '2020-02-18 02:23:16.8930000', '70'),
('1611', N'Dukcapil.png', '1', '2020-02-18 02:50:55.0750000', '38'),
('1612', N'Rumah Sakit Rekanan.jpeg', '1', '2020-02-18 02:51:04.4520000', '68'),
('1613', N'equity.png', '1', '2020-02-18 02:51:12.4910000', '67'),
('1614', N'Rumah Sakit Rekanan.jpeg', '1', '2020-02-18 02:51:20.4720000', '69'),
('1615', N'Equity Life.jpg', '1', '2020-02-18 02:51:29.0880000', '70'),
('1616', N'Equity Life.jpg', '1', '2020-02-18 02:52:37.5900000', '68'),
('1617', N'Dukcapil.png', '1', '2020-02-18 03:26:37.6020000', '38'),
('1618', N'Dukcapil.png', '1', '2020-02-18 03:26:48.0110000', '68'),
('1619', N'equity.png', '1', '2020-02-18 03:28:42.3060000', '67'),
('1620', N'Dukcapil.png', '1', '2020-02-18 03:28:52.1000000', '69'),
('1621', N'Dukcapil.png', '1', '2020-02-18 03:29:00.5900000', '70'),
('1622', N'Equity Life.jpg', '1', '2020-02-18 03:29:43.8220000', '69'),
('1623', N'Rumah Sakit Rekanan.jpeg', '1', '2020-02-26 09:42:44.1830000', '38'),
('1624', N'Equity Life.jpg', '1', '2020-02-26 09:42:50.5690000', '68'),
('1625', N'Dukcapil.png', '1', '2020-02-26 09:43:00.2240000', '38'),
('1626', N'equity.png', '1', '2020-02-26 09:43:11.3420000', '67'),
('1627', N'photo_carouse.jpg', '1', '2020-02-26 09:43:35.2190000', '69'),
('1628', N'equity.png', '1', '2020-02-26 09:43:44.5500000', '70'),
('1629', N'Dukcapil.png', '1', '2020-02-26 09:45:28.7810000', '72'),
('1630', N'Rumah Sakit Rekanan.jpeg', '1', '2020-02-26 09:45:36.9340000', '74'),
('1631', N'Dukcapil.png', '1', '2020-02-26 09:45:46.7430000', '73'),
('1632', N'Equity Life.jpg', '1', '2020-02-26 09:45:55.3290000', '78'),
('1633', N'Equity Life.jpg', '1', '2020-02-26 09:46:03.4950000', '75'),
('1634', N'equity.png', '1', '2020-02-26 09:46:11.7030000', '76'),
('1635', N'Dukcapil.png', '1', '2020-02-26 11:06:47.1560000', '72'),
('1636', N'Rumah Sakit Rekanan.jpeg', '1', '2020-02-26 11:06:55.0130000', '74'),
('1637', N'Equity Life.jpg', '1', '2020-02-26 11:07:02.6500000', '73'),
('1638', N'photo_carouse.jpg', '1', '2020-02-26 11:07:11.0920000', '78'),
('1639', N'Equity Life.jpg', '1', '2020-02-26 11:07:19.8680000', '75'),
('1640', N'Equity Life.jpg', '1', '2020-02-26 11:07:29.1650000', '76'),
('1641', N'Rumah Sakit Rekanan.jpeg', '1', '2020-02-27 01:08:36.2740000', '72'),
('1642', N'Dukcapil.png', '1', '2020-02-27 01:08:47.8700000', '74'),
('1643', N'equity.png', '1', '2020-02-27 01:08:57.3390000', '73'),
('1644', N'Dukcapil.png', '1', '2020-02-27 01:09:05.7560000', '78'),
('1645', N'Dukcapil.png', '1', '2020-02-27 01:09:13.8970000', '75'),
('1646', N'equity.png', '1', '2020-02-27 01:09:21.8050000', '76'),
('1647', N'photo_carouse.jpg', '1', '2020-02-27 01:10:54.4890000', '75'),
('1648', N'Rumah Sakit Rekanan.jpeg', '1', '2020-02-27 02:11:55.0770000', '72'),
('1649', N'photo_carouse.jpg', '1', '2020-02-27 02:12:02.1490000', '74'),
('1650', N'Dukcapil.png', '1', '2020-02-27 02:12:10.6940000', '73'),
('1651', N'equity.png', '1', '2020-02-27 02:12:17.9840000', '78'),
('1652', N'Equity Life.jpg', '1', '2020-02-27 02:12:29.1260000', '75'),
('1653', N'photo_carouse.jpg', '1', '2020-02-27 02:12:37.6790000', '76'),
('1654', N'SAVE_20171102_104752.jpeg', '1', '2020-02-27 02:22:20.6190000', '38'),
('1655', N'SAVE_20171102_110528.jpeg', '1', '2020-02-27 02:22:26.5660000', '68'),
('1656', N'eka ngarep.jpg', '1', '2020-02-27 02:22:31.3490000', '67'),
('1657', N'mesin edc.jpg', '1', '2020-02-27 02:22:37.2670000', '69'),
('1658', N'hospital.png', '1', '2020-02-27 02:22:40.8750000', '70'),
('1659', N'Dukcapil.png', '1', '2020-03-04 02:38:54.4620000', '72'),
('1660', N'Equity Life.jpg', '1', '2020-03-04 02:40:24.6540000', '74'),
('1661', N'Rumah Sakit Rekanan.jpeg', '1', '2020-03-04 02:40:53.5170000', '73'),
('1662', N'equity.png', '1', '2020-03-04 02:41:18.8050000', '78'),
('1663', N'Equity Life.jpg', '1', '2020-03-04 02:41:31.8040000', '75'),
('1664', N'Equity Life.jpg', '1', '2020-03-04 02:41:53.7960000', '76'),
('1665', N'Equity Life.jpg', '1', '2020-03-04 02:42:02.7960000', '79'),
('1666', N'Dukcapil.png', '1', '2020-03-04 07:56:51.0630000', '38'),
('1667', N'Equity Life.jpg', '1', '2020-03-04 07:57:00.4160000', '68'),
('1668', N'Rumah Sakit Rekanan.jpeg', '1', '2020-03-04 07:57:09.7760000', '67'),
('1669', N'equity.png', '1', '2020-03-04 07:57:18.1560000', '69'),
('1670', N'Equity Life.jpg', '1', '2020-03-04 07:57:28.5770000', '70'),
('1671', N'Dukcapil.png', '1', '2020-03-05 01:33:02.8520000', '38'),
('1672', N'Equity Life.jpg', '1', '2020-03-05 01:33:15.1760000', '68'),
('1673', N'equity.png', '1', '2020-03-05 01:33:24.2550000', '67'),
('1674', N'Rumah Sakit Rekanan.jpeg', '1', '2020-03-05 01:33:32.6160000', '69'),
('1675', N'equity.png', '1', '2020-03-05 01:33:42.3560000', '70'),
('1676', N'Dukcapil.png', '1', '2020-03-05 03:00:44.1390000', '38'),
('1677', N'equity.png', '1', '2020-03-05 03:00:52.7290000', '68'),
('1678', N'Equity Life.jpg', '1', '2020-03-05 03:01:01.7710000', '67'),
('1679', N'photo_carouse.jpg', '1', '2020-03-05 03:01:24.3190000', '69'),
('1680', N'equity.png', '1', '2020-03-05 03:01:33.5880000', '70'),
('1681', N'2018 Forrmulir Pengajuan TransaksiUnit Link.pdf', '1', '2020-03-12 08:40:32.2910000', '61'),
('1682', N'2018 Forrmulir Pengajuan TransaksiUnit Link.pdf', '1', '2020-03-12 08:43:12.8010000', '59'),
('1683', N'2018 Forrmulir Pengajuan TransaksiUnit Link.pdf', '1', '2020-03-12 08:43:23.0500000', '61'),
('1684', N'2018 Forrmulir Pengajuan TransaksiUnit Link.pdf', '1', '2020-03-12 08:43:30.9830000', '66'),
('1685', N'2018 Forrmulir Pengajuan TransaksiUnit Link.pdf', '1', '2020-03-12 08:43:36.8860000', '60'),
('1686', N'2018 Forrmulir Pengajuan TransaksiUnit Link.pdf', '1', '2020-03-12 08:43:43.6150000', '64'),
('1687', N'2018 Forrmulir Pengajuan TransaksiUnit Link.pdf', '1', '2020-03-12 08:43:48.8450000', '62'),
('1688', N'2018 Forrmulir Pengajuan TransaksiUnit Link.pdf', '1', '2020-03-12 08:43:51.4450000', '63'),
('1689', N'2018 Forrmulir Pengajuan TransaksiUnit Link.pdf', '1', '2020-03-12 08:43:53.9080000', '65'),
('1690', N'Rumah Sakit Rekanan.jpeg', '1', '2020-03-13 02:02:15.0380000', '46'),
('1691', N'photo_carouse.jpg', '1', '2020-03-13 02:02:22.9660000', '48'),
('1692', N'Dukcapil.png', '1', '2020-03-16 03:30:44.7330000', '59'),
('1693', N'Equity Life.jpg', '1', '2020-03-16 03:30:53.2740000', '61'),
('1694', N'photo_carouse.jpg', '1', '2020-03-16 03:31:00.7060000', '66'),
('1695', N'equity.png', '1', '2020-03-16 03:31:13.2460000', '60'),
('1696', N'Dukcapil.png', '1', '2020-03-16 03:31:22.2610000', '64'),
('1697', N'equity.png', '1', '2020-03-16 03:31:30.3170000', '62'),
('1698', N'photo_carouse.jpg', '1', '2020-03-16 03:31:42.2510000', '63'),
('1699', N'photo_carouse.jpg', '1', '2020-03-16 03:34:12.7130000', '65'),
('1700', N'2018 Forrmulir Pengajuan TransaksiUnit Link.pdf', '1', '2020-03-17 07:07:28.2360000', '59'),
('1701', N'2018 Forrmulir Pengajuan TransaksiUnit Link.pdf', '1', '2020-03-17 07:07:31.7260000', '61'),
('1702', N'2018 Forrmulir Pengajuan TransaksiUnit Link.pdf', '1', '2020-03-17 07:07:33.7520000', '66'),
('1703', N'2018 Forrmulir Pengajuan TransaksiUnit Link.pdf', '1', '2020-03-17 07:07:36.5800000', '60'),
('1704', N'2018 Forrmulir Pengajuan TransaksiUnit Link.pdf', '1', '2020-03-17 07:07:40.1940000', '64'),
('1705', N'2018 Forrmulir Pengajuan TransaksiUnit Link.pdf', '1', '2020-03-17 07:07:49.0890000', '59'),
('1706', N'2018 Forrmulir Pengajuan TransaksiUnit Link.pdf', '1', '2020-03-17 07:07:55.2130000', '61'),
('1707', N'2018 Forrmulir Pengajuan TransaksiUnit Link.pdf', '1', '2020-03-17 07:07:57.4800000', '66'),
('1708', N'2018 Forrmulir Pengajuan TransaksiUnit Link.pdf', '1', '2020-03-17 07:08:11.5130000', '62'),
('1709', N'2018 Forrmulir Pengajuan TransaksiUnit Link.pdf', '1', '2020-03-17 07:08:16.4170000', '63'),
('1710', N'2018 Forrmulir Pengajuan TransaksiUnit Link.pdf', '1', '2020-03-17 07:08:21.6910000', '65'),
('1711', N'2018 024-SE-IX Authority Approval Procedure R06b.pdf', '1', '2020-03-17 07:27:57.2780000', '59'),
('1712', N'PO-DPLK-002 (R01) DPLK.pdf', '1', '2020-03-17 07:28:06.1120000', '61'),
('1713', N'Screenshot_20190905-112912 (1).jpg', '1', '2020-03-17 07:28:21.4750000', '66'),
('1714', N'Doc1.pdf', '1', '2020-03-17 07:28:37.8950000', '60'),
('1715', N'Untitled_05012017_083223.pdf', '1', '2020-03-17 07:28:44.8680000', '64'),
('1716', N'smnb.pdf', '1', '2020-03-17 07:29:10.2480000', '62'),
('1717', N'bpnb.pdf', '1', '2020-03-17 07:29:18.4200000', '63'),
('1718', N'clbp.pdf', '1', '2020-03-17 07:29:25.1590000', '65'),
('1719', N'equity.png', '1', '2020-03-30 04:17:15.8260000', '46'),
('1720', N'equity.png', '1', '2020-03-30 04:17:25.1890000', '48'),
('1721', N'equity.png', '1', '2020-03-30 04:17:34.9940000', '47'),
('1722', N'equity.png', '1', '2020-03-30 04:17:52.3880000', '49'),
('1723', N'equity.png', '1', '2020-03-30 04:18:09.0580000', '51'),
('1724', N'equity.png', '1', '2020-03-30 04:18:24.0900000', '50'),
('1725', N' .jpg', '1', '2020-03-30 04:18:51.7990000', '38'),
('1726', N' .jpg', '1', '2020-03-30 04:19:03.2550000', '68'),
('1727', N' .jpg', '1', '2020-03-30 04:19:14.2860000', '67'),
('1728', N' .jpg', '1', '2020-03-30 04:19:22.4760000', '69'),
('1729', N' .jpg', '1', '2020-03-30 04:19:30.6120000', '70'),
('1730', N' .jpg', '1', '2020-03-30 04:25:19.8240000', '46'),
('1731', N' .jpg', '1', '2020-03-30 04:25:28.0790000', '48'),
('1732', N' .jpg', '1', '2020-03-30 04:25:46.6680000', '47'),
('1733', N' .jpg', '1', '2020-03-30 04:25:58.4650000', '49'),
('1734', N'0_BDYgrokG0mJXYYAA.png', '1', '2020-03-30 04:25:58.5550000', '49'),
('1735', N' .jpg', '1', '2020-03-30 04:26:06.8080000', '47'),
('1736', N' .jpg', '1', '2020-03-30 04:26:21.3280000', '51'),
('1737', N' .jpg', '1', '2020-03-30 04:26:30.0350000', '50'),
('1738', N'20890999.jpg', '1', '2020-03-30 05:40:26.2100000', '59'),
('1739', N'Kipas_2.png', '1', '2020-03-30 05:40:40.0660000', '61'),
('1740', N'banner_promosi_kipas.png', '1', '2020-03-30 05:55:54.4070000', '65'),
('1741', N'753101-new-microsoft-desktop-backgrounds-2880x1800-for-android-50.jpg', '1', '2020-03-30 05:56:02.2850000', '59'),
('1742', N'logo_kipas.png', '1', '2020-03-30 05:56:13.8220000', '60'),
('1743', N'splash.png', '1', '2020-03-30 05:56:22.6990000', '62'),
('1744', N'20890999.jpg', '1', '2020-03-30 05:56:33.5230000', '64'),
('1745', N'hasil.png', '1', '2020-03-30 05:56:49.3050000', '63'),
('1746', N'hasil_final.png', '1', '2020-03-30 05:57:01.7320000', '66'),
('1747', N'equity.png', '1', '2020-03-30 06:41:40.1810000', '59'),
('1748', N'equity.png', '1', '2020-03-30 06:42:07.1090000', '61'),
('1749', N'equity.png', '1', '2020-03-30 06:42:14.5770000', '66'),
('1750', N'equity.png', '1', '2020-03-30 06:42:29.4700000', '60'),
('1751', N'equity.png', '1', '2020-03-30 06:42:39.1520000', '64'),
('1752', N'equity.png', '1', '2020-03-30 06:42:47.7610000', '62'),
('1753', N'equity.png', '1', '2020-03-30 06:42:59.0530000', '63'),
('1754', N'equity.png', '1', '2020-03-30 06:43:07.0010000', '65'),
('1755', N'Dukcapil.png', '1', '2020-04-08 03:32:57.0840000', '52'),
('1756', N'Equity Life.jpg', '1', '2020-04-08 03:33:11.3590000', '54'),
('1757', N'Rumah Sakit Rekanan.jpeg', '1', '2020-04-08 03:33:16.8030000', '53'),
('1758', N'Equity Life.jpg', '1', '2020-04-08 03:33:22.9090000', '57'),
('1759', N'equity.png', '1', '2020-04-08 03:33:30.5830000', '55'),
('1760', N'Dukcapil.png', '1', '2020-04-08 03:33:39.0500000', '56'),
('1761', N'Dukcapil.png', '1', '2020-04-08 03:33:46.1880000', '58'),
('1762', N'20890999.jpg', '1', '2020-04-09 02:19:43.7500000', '51'),
('1763', N'753101-new-microsoft-desktop-backgrounds-2880x1800-for-android-50.jpg', '1', '2020-04-09 02:19:50.6090000', '48'),
('1764', N'banner_promosi_kipas.png', '1', '2020-04-09 02:19:58.0020000', '50'),
('1765', N'hasil.png', '1', '2020-04-09 02:20:08.1340000', '46'),
('1766', N'promo banner.png', '1', '2020-04-09 02:20:18.3010000', '49'),
('1767', N'test.png', '1', '2020-04-09 02:20:28.9410000', '47'),
('1768', N' .jpg', '1', '2020-04-09 06:01:52.1660000', '59'),
('1769', N' .jpg', '1', '2020-04-09 06:02:02.1450000', '61'),
('1770', N' .jpg', '1', '2020-04-09 06:12:59.3210000', '66'),
('1771', N' .jpg', '1', '2020-04-09 06:13:08.5630000', '60'),
('1772', N' .jpg', '1', '2020-04-09 06:13:18.0140000', '64'),
('1773', N' .jpg', '1', '2020-04-09 06:13:29.6690000', '62'),
('1774', N' .jpg', '1', '2020-04-09 06:13:38.7490000', '63'),
('1775', N' .jpg', '1', '2020-04-09 06:13:47.0650000', '65'),
('1776', N'images9.jpg', '1', '2020-04-09 07:33:48.0320000', '46'),
('1777', N'index4.jpg', '1', '2020-04-09 07:34:04.0240000', '48'),
('1778', N'index5.jpg', '1', '2020-04-09 07:34:06.3830000', '47'),
('1779', N'images9.jpg', '1', '2020-04-09 07:36:02.1960000', '46'),
('1780', N'index6.jpg', '1', '2020-04-09 07:36:09.5470000', '48'),
('1781', N'index7.jpg', '1', '2020-04-09 07:36:31.4760000', '47'),
('1782', N'index4.jpg', '1', '2020-04-09 07:36:41.8820000', '49'),
('1783', N'index5.jpg', '1', '2020-04-09 07:37:05.7460000', '50'),
('1784', N'index7.jpg', '1', '2020-04-09 07:37:14.6550000', '49'),
('1785', N'image003 (1).jpg', '1', '2020-04-09 08:30:37.7640000', '52'),
('1786', N'image003.jpg', '1', '2020-04-09 08:32:28.2110000', '53'),
('1787', N'image003.jpg', '1', '2020-04-09 08:32:34.9580000', '57'),
('1788', N'image003.jpg', '1', '2020-04-09 08:32:44.2120000', '55'),
('1789', N'image003.jpg', '1', '2020-04-09 08:33:03.0890000', '58'),
('1790', N'image003.jpg', '1', '2020-04-13 03:16:05.1300000', '52'),
('1791', N'image003.jpg', '1', '2020-04-13 03:16:25.7160000', '54'),
('1792', N'image003.jpg', '1', '2020-04-13 03:16:48.6230000', '53'),
('1793', N'image003.jpg', '1', '2020-04-13 03:17:10.4900000', '57'),
('1794', N'image003.jpg', '1', '2020-04-13 03:17:30.0630000', '55'),
('1795', N'image003.jpg', '1', '2020-04-13 03:17:53.7650000', '56'),
('1796', N'image003.jpg', '1', '2020-04-13 03:18:41.6340000', '58'),
('1797', N'image003.jpg', '1', '2020-04-13 03:34:53.2270000', '52'),
('1798', N'image003.jpg', '1', '2020-04-13 03:35:32.8260000', '54'),
('1799', N'image003.jpg', '1', '2020-04-13 03:36:20.0370000', '53'),
('1800', N'image003.jpg', '1', '2020-04-13 03:37:57.0800000', '57'),
('1801', N'image003.jpg', '1', '2020-04-13 03:38:15.1150000', '55'),
('1802', N'image003.jpg', '1', '2020-04-13 03:38:32.5850000', '56'),
('1803', N'image003.jpg', '1', '2020-04-13 03:38:59.9800000', '58'),
('1804', N'Logo-equity-life.jpg', '1', '2020-04-22 04:45:02.5140000', '52'),
('1805', N'Logo-equity-life.jpg', '1', '2020-04-22 04:45:18.4100000', '54'),
('1806', N'Logo-equity-life.jpg', '1', '2020-04-22 04:45:35.0510000', '53'),
('1807', N'Logo-equity-life.jpg', '1', '2020-04-22 04:46:01.8500000', '57'),
('1808', N'Logo-equity-life.jpg', '1', '2020-04-22 04:46:17.5450000', '55'),
('1809', N'Logo-equity-life.jpg', '1', '2020-04-22 04:46:32.1630000', '56'),
('1810', N'Logo-equity-life.jpg', '1', '2020-04-22 04:46:51.8470000', '58'),
('1811', N'20890999.jpg', '1', '2020-04-22 05:13:49.9810000', '51'),
('1812', N'753101-new-microsoft-desktop-backgrounds-2880x1800-for-android-50.jpg', '1', '2020-04-22 05:13:59.5740000', '48'),
('1813', N'banner_promosi_kipas.png', '1', '2020-04-22 05:14:10.8710000', '50'),
('1814', N'Kipas_2.png', '1', '2020-04-22 05:14:23.6260000', '46'),
('1815', N'splash.png', '1', '2020-04-22 05:14:32.3590000', '49'),
('1816', N'splash.png', '1', '2020-04-22 05:14:39.6150000', '47'),
('1817', N'Logo-equity-life.jpg', '1', '2020-04-22 05:18:35.2840000', '52'),
('1818', N'Logo-equity-life.jpg', '1', '2020-04-22 05:18:56.0980000', '54'),
('1819', N'Logo-equity-life.jpg', '1', '2020-04-22 05:19:19.0950000', '53'),
('1820', N'Logo-equity-life.jpg', '1', '2020-04-22 05:19:37.8160000', '57'),
('1821', N'Logo-equity-life.jpg', '1', '2020-04-22 05:19:56.7870000', '55'),
('1822', N'Logo-equity-life.jpg', '1', '2020-04-22 05:20:11.6950000', '56'),
('1823', N'Logo-equity-life.jpg', '1', '2020-04-22 05:20:30.4890000', '58'),
('1824', N'image003.jpg', '1', '2020-04-22 05:39:11.7830000', '55'),
('1825', N'753101-new-microsoft-desktop-backgrounds-2880x1800-for-android-50.jpg', '1', '2020-04-22 05:46:38.1290000', '52'),
('1826', N'20890999.jpg', '1', '2020-04-22 05:46:51.4550000', '54'),
('1827', N'banner_promosi_kipas.png', '1', '2020-04-22 05:47:07.2070000', '57'),
('1828', N'Kipas_1.png', '1', '2020-04-22 05:47:31.1100000', '55'),
('1829', N'laukdaun.jpg', '1', '2020-04-22 05:47:48.9210000', '56'),
('1830', N'splash.png', '1', '2020-04-22 05:48:05.5460000', '58'),
('1831', N'hasil.png', '1', '2020-04-22 05:48:39.8310000', '53'),
('1832', N'images9.jpg', '1', '2020-04-22 06:41:14.7000000', '46'),
('1833', N'index4.jpg', '1', '2020-04-22 06:43:44.0430000', '48'),
('1834', N'index10.jpg', '1', '2020-04-22 06:44:00.9330000', '47'),
('1835', N'index5.jpg', '1', '2020-04-22 06:44:08.8540000', '49'),
('1836', N'index7.jpg', '1', '2020-04-22 06:44:10.9320000', '51'),
('1837', N'index6.jpg', '1', '2020-04-22 06:44:15.0330000', '50'),
('1838', N'images9.jpg', '1', '2020-04-22 06:49:40.1990000', '59'),
('1839', N'index1.jpg', '1', '2020-04-22 06:49:54.7000000', '61'),
('1840', N'index2.jpg', '1', '2020-04-22 06:49:58.3190000', '66'),
('1841', N'index6.jpg', '1', '2020-04-22 06:50:01.2090000', '60'),
('1842', N'index5.jpg', '1', '2020-04-22 06:50:04.6530000', '64'),
('1843', N'index4.jpg', '1', '2020-04-22 06:50:08.7900000', '62'),
('1844', N'Logo-equity-life.jpg', '1', '2020-04-22 08:02:29.8590000', '46'),
('1845', N'Logo-equity-life.jpg', '1', '2020-04-22 08:02:47.8760000', '48'),
('1846', N'Logo-equity-life.jpg', '1', '2020-04-22 08:03:09.9450000', '47'),
('1847', N'Logo-equity-life.jpg', '1', '2020-04-22 08:03:26.6720000', '49'),
('1848', N'Logo-equity-life.jpg', '1', '2020-04-22 08:03:42.2170000', '51'),
('1849', N'Logo-equity-life.jpg', '1', '2020-04-22 08:04:00.2720000', '50'),
('1850', N'Logo-equity-life.jpg', '1', '2020-04-22 08:17:39.6500000', '46'),
('1851', N'Logo-equity-life.jpg', '1', '2020-04-22 08:18:00.0370000', '48'),
('1852', N'Logo-equity-life.jpg', '1', '2020-04-22 08:18:16.1830000', '47'),
('1853', N'Logo-equity-life.jpg', '1', '2020-04-22 08:18:32.2480000', '49'),
('1854', N'Logo-equity-life.jpg', '1', '2020-04-22 08:18:50.8540000', '51'),
('1855', N'Logo-equity-life.jpg', '1', '2020-04-22 08:19:08.6670000', '50'),
('1856', N'images9.jpg', '1', '2020-04-23 02:32:26.9110000', '46'),
('1857', N'index4.jpg', '1', '2020-04-23 02:32:30.8880000', '48'),
('1858', N'index8.jpg', '1', '2020-04-23 02:32:33.9390000', '47'),
('1859', N'index10.jpg', '1', '2020-04-23 02:32:36.3780000', '49'),
('1860', N'index4.jpg', '1', '2020-04-23 02:32:38.6390000', '51'),
('1861', N'index2.jpg', '1', '2020-04-23 02:32:45.4560000', '50'),
('1862', N'Logo-equity-life.jpg', '1', '2020-04-23 05:53:07.4570000', '53'),
('1863', N'Logo-equity-life.jpg', '1', '2020-04-23 05:55:46.1600000', '52'),
('1864', N'Logo-equity-life.jpg', '1', '2020-04-23 05:56:38.8250000', '54'),
('1865', N'Logo-equity-life.jpg', '1', '2020-04-23 05:59:53.1410000', '57'),
('1866', N'Logo-equity-life.jpg', '1', '2020-04-23 06:00:25.6910000', '55'),
('1867', N'Logo-equity-life.jpg', '1', '2020-04-23 06:00:55.7820000', '56'),
('1868', N'Logo-equity-life.jpg', '1', '2020-04-23 06:01:24.6750000', '58'),
('1869', N'images.jpg', '1', '2020-04-24 06:48:35.8100000', '46'),
('1870', N'SHINee.jpg', '1', '2020-04-24 06:49:06.6390000', '48'),
('1871', N'images 23.jpg', '1', '2020-04-24 06:51:51.4170000', '51'),
('1872', N'images 23.jpg', '1', '2020-04-24 06:52:08.2850000', '50'),
('1873', N'images 23.jpg', '1', '2020-04-24 06:52:23.8990000', '48'),
('1874', N'images 23.jpg', '1', '2020-04-24 06:52:39.6550000', '49'),
('1875', N'images 23.jpg', '1', '2020-04-24 06:52:50.4310000', '46'),
('1876', N'images 23.jpg', '1', '2020-04-24 06:53:04.8850000', '47'),
('1877', N'images 23.jpg', '1', '2020-04-24 07:31:40.6480000', '51'),
('1878', N'images.jpg', '1', '2020-04-24 07:32:17.4410000', '48'),
('1879', N'images 23.jpg', '1', '2020-04-24 07:32:32.2420000', '47'),
('1880', N'0_BDYgrokG0mJXYYAA.png', '1', '2020-04-29 08:28:22.6500000', '62'),
('1881', N'Jellyfish.jpg', '1', '2020-04-30 07:53:42.6520000', '46'),
('1882', N'KLAIM-CACAT-TETAP-PROTEXI.jpg', '1', '2020-04-30 07:55:11.3300000', '48'),
('1883', N'Chrysanthemum.jpg', '1', '2020-04-30 09:10:52.7910000', '47'),
('1884', N'Jellyfish.jpg', '1', '2020-04-30 09:13:14.0760000', '46'),
('1885', N'Lighthouse.jpg', '1', '2020-04-30 09:13:24.3280000', '48'),
('1886', N'Penguins.jpg', '1', '2020-04-30 09:13:40.9450000', '47'),
('1887', N'Tulips.jpg', '1', '2020-04-30 09:13:53.6560000', '50'),
('1888', N'Jellyfish.jpg', '1', '2020-05-04 03:59:31.8830000', '48'),
('1889', N'Hydrangeas.jpg', '1', '2020-05-04 03:59:44.4450000', '47'),
('1890', N'Desert.jpg', '1', '2020-05-04 04:01:07.6770000', '47'),
('1891', N'Chrysanthemum.jpg', '1', '2020-05-04 04:01:19.3870000', '48'),
('1892', N'equity.png', '1', '2020-05-13 21:21:11.2690000', '52'),
('1893', N'equity.png', '1', '2020-05-13 21:21:21.5500000', '54'),
('1894', N'equity.png', '1', '2020-05-13 21:21:43.1950000', '53'),
('1895', N'equity.png', '1', '2020-05-13 21:21:51.7880000', '57'),
('1896', N'equity.png', '1', '2020-05-13 21:22:07.5070000', '55'),
('1897', N'equity.png', '1', '2020-05-13 21:22:33.0700000', '56'),
('1898', N'equity.png', '1', '2020-05-13 21:22:42.6550000', '58');

INSERT INTO [dbo].[m_claim_flow] ([id], [is_deleted], [name]) VALUES
('2', '0', N'Claim Flow Without Pending Amount'),
('3', '0', N'Claim Flow Complete'),
('4', '0', N'Claim Flow Complete Not Check Doc');

INSERT INTO [dbo].[m_claim_flow_type] ([id], [flow_type], [is_check_document], [is_edit_document], [is_edit_information], [is_flow_exist], [is_input_amount], [claim_flow_id]) VALUES
('2', N'Document Revision', '1', '1', '1', '1', '0', '3'),
('3', N'Claim Registration', '1', '1', '1', '1', '0', '3'),
('4', N'Input Claim Amount', '0', '0', '0', '1', '1', '3'),
('5', N'Claim Registration', '1', '1', '1', '1', '0', '2'),
('6', N'Document Revision', '1', '0', '1', '1', '0', '2'),
('7', N'Input Claim Amount', '0', '0', '0', '0', '0', '2'),
('8', N'Claim Registration', '0', '1', '1', '1', '1', '4'),
('9', N'Document Revision', '0', '1', '1', '1', '1', '4'),
('10', N'Input Claim Amount', '0', '0', '0', '1', '1', '4');

INSERT INTO [dbo].[m_company] ([id], [created_by], [created_date], [last_modified_by], [last_modified_date], [code], [is_deleted], [name]) VALUES
('11', N'admin', '2019-06-19 11:03:43.7810000', N'admin', '2019-06-19 11:03:43.7810000', N'COMP190001', '0', N'Home Credit Indonesia'),
('12', N'admin', '2019-06-20 15:39:23.1280000', N'admin', '2019-06-20 15:39:23.1280000', N'COMP190002', '0', N'BPD DIY'),
('13', N'admin', '2019-06-20 15:39:35.6000000', N'admin', '2019-06-20 15:39:35.6000000', N'COMP190003', '0', N'Techno Motor'),
('14', N'admin', '2019-12-04 09:13:50.5400000', N'admin', '2019-12-04 09:13:50.5400000', NULL, '0', N'DPLK Bank Jateng');

INSERT INTO [dbo].[m_source_policy] ([id], [name], [code]) VALUES
('3', N'Group Core System', N'GRP'),
('4', N'AJK Core System', N'AJK');

INSERT INTO [dbo].[m_company_policy] ([id], [created_by], [created_date], [last_modified_by], [last_modified_date], [edits_form_setting], [is_deleted], [name], [policy_no], [status], [flow_id], [company_id], [source_id]) VALUES
('2', N'admin', '2019-06-19 14:24:51.9880000', N'admin', '2019-06-19 14:24:51.9880000', '75', '1', N'PROTEXI', N'16004-01-000', '0', '4', '11', '4'),
('7', N'admin', '2019-06-20 15:38:35.2290000', N'admin', '2019-06-20 15:38:35.2290000', '75', '1', N'HCI PPI Mandatory', N'19001-01-000', '0', '3', '11', '4'),
('8', N'admin', '2019-06-20 15:40:37.3800000', N'admin', '2019-06-20 15:40:37.3800000', '75', '0', N'AJKB', N'15025-01-000', '0', '2', '12', '4'),
('9', N'admin', '2019-06-20 15:41:40.9890000', N'admin', '2019-06-20 15:41:40.9890000', '75', '0', N'Critical Ilness', N'2017.0104.1', '0', '2', '13', '3'),
('10', N'admin', '2019-06-20 15:42:28.5850000', N'admin', '2019-06-20 15:42:28.5850000', '75', '0', N'Personal Accident', N'2018.0044.1', '0', '2', '13', '3'),
('12', N'admin', '2019-12-04 10:12:04.6700000', N'admin', '2019-12-05 02:53:07.7533333', '77', '0', N'DPLK Jateng', N'2019.0016.1', '0', '2', '14', '3'),
('13', N'admin', '2020-01-13 02:15:57.6833333', N'admin', '2020-01-13 02:15:57.6833333', '75', '0', N'Credit Shield', N'2019.0030.1', '0', '3', '11', '3');

INSERT INTO [dbo].[m_company_claim] ([id], [created_by], [created_date], [last_modified_by], [last_modified_date], [claim_type], [expired_days], [is_deleted], [is_expired], [is_need_bank_insured], [is_need_beneficiary_info], [is_trigger], [is_used_by_customer], [policy_id]) VALUES
('1', N'admin', '2019-07-09 02:50:01.6370000', N'admin', '2019-07-09 02:50:01.6370000', N'CLTY190001', '1', '0', '1', '0', '1', '1', '1', '2'),
('2', N'admin', '2019-07-09 02:50:48.6060000', N'admin', '2019-07-09 02:50:48.6060000', N'CLTY190002', '1', '0', '1', '1', '0', '0', '1', '2'),
('3', N'admin', '2019-07-09 02:51:16.5550000', N'admin', '2019-07-09 02:51:16.5550000', N'CLTY190006', '1', '0', '1', '0', '1', '0', '0', '2'),
('4', N'admin', '2019-07-09 02:52:03.5680000', N'admin', '2019-07-09 02:52:03.5680000', N'CLTY190001', '1', '0', '1', '0', '1', '1', '1', '7'),
('5', N'admin', '2019-07-09 02:53:08.4390000', N'admin', '2019-07-09 02:53:08.4390000', N'CLTY190001', '60', '0', '1', '0', '0', '0', '1', '8'),
('6', N'admin', '2019-07-09 02:53:59.9670000', N'admin', '2019-07-09 02:53:59.9670000', N'CLTY190003', '60', '0', '1', '1', '0', '0', '1', '9'),
('7', N'admin', '2019-07-09 02:54:33.5570000', N'admin', '2019-07-09 02:54:33.5570000', N'CLTY190001', '60', '0', '1', '1', '1', '0', '1', '9'),
('8', N'admin', '2019-07-09 02:55:13.2020000', N'admin', '2019-07-09 02:55:13.2020000', N'CLTY190004', '60', '0', '1', '1', '0', '0', '1', '10'),
('9', N'admin', '2019-07-09 02:55:13.2020000', N'admin', '2019-07-09 02:55:13.2020000', N'CLTY190005', '1', '0', '1', '0', '1', '0', '0', '7'),
('10', N'admin', '2019-12-04 10:26:15.5400000', N'admin', '2019-12-04 10:26:15.5400000', N'CLTY190001', '90', '0', '1', '1', '0', '0', '1', '12'),
('11', N'admin', '2020-01-13 02:57:29.4666667', N'admin', '2020-01-13 02:57:29.4666667', N'CLTY190001', '90', '0', '1', '1', '1', '0', '1', '13'),
('12', N'admin', '2020-01-13 02:57:29.4666667', N'admin', '2020-01-13 02:57:29.4666667', N'CLTY200001', '90', '0', '1', '1', '0', '0', '1', '13'),
('13', N'admin', '2020-01-13 02:57:29.4666667', N'admin', '2020-01-13 02:57:29.4666667', N'CLTY190004', '90', '0', '1', '1', '1', '0', '0', '13'),
('14', N'admin', '2020-01-13 02:57:29.4666667', N'admin', '2020-01-13 02:57:29.4666667', N'CLTY190005', '90', '0', '1', '1', '1', '0', '1', '13'),
('15', N'admin', '2020-01-13 02:57:29.4666667', N'admin', '2020-01-13 02:57:29.4666667', N'CLTY190006', '90', '0', '1', '1', '0', '0', '1', '13'),
('16', N'admin', '2020-02-05 02:42:28.8333333', N'admin', '2020-02-05 02:42:28.8333333', N'CLTY190004', '90', '0', '1', '1', '0', '0', '1', '12');

INSERT INTO [dbo].[m_policy_claim_auto] ([id], [created_by], [created_date], [last_modified_by], [last_modified_date], [claim_type], [is_deleted], [claim_id]) VALUES
('1', N'admin', '2019-07-15 03:42:09.4766667', N'admin', '2019-07-15 03:42:09.4766667', N'CLTY190006', '0', '1'),
('2', N'admin', '2019-09-18 03:02:07.7200000', N'admin', '2019-09-18 03:02:07.7200000', N'CLTY190005', '0', '4'),
('3', N'admin', '2020-01-29 06:10:50.0766667', N'admin', '2020-01-29 06:10:50.0766667', N'CLTY190004', '0', '13');

INSERT INTO [dbo].[m_user_partner] ([id], [created_by], [created_date], [last_modified_by], [last_modified_date], [email], [name], [password], [username], [company_id], [group_id]) VALUES
('9', N'admin', '2019-06-26 21:04:27.1910000', N'admin', '2019-06-26 21:04:27.1910000', N'noval@parinussa.com', N'Noval Parinussa', N'$2a$10$wGQCmYLa89ETAqkc7bQDWuH0/UD1Vhi8WysHNFLEixG2j2rpPVsWe', N'noval', '11', '2'),
('10', N'admin', '2019-07-08 01:36:45.5666667', N'admin', '2019-07-08 01:36:45.5666667', N'hci_test1@hci.com', N'John Doe', N'$2a$09$0pdOwm9DeoVbjPpfCrZ77eAgg8JJhyXLcYSUJamfSF4pBKU9rBuPC', N'hci_test1', '11', '3'),
('11', N'admin', '2019-07-08 01:36:45.5666667', N'admin', '2019-07-08 01:36:45.5666667', N'hci_test2@hci.com', N'hci_test2', N'$2a$09$0pdOwm9DeoVbjPpfCrZ77eAgg8JJhyXLcYSUJamfSF4pBKU9rBuPC', N'hci_test2', '11', '3'),
('13', N'admin', '2019-07-08 01:36:45.5666667', N'admin', '2019-07-08 01:36:45.5666667', N'hci_test3@hci.com', N'hci_test3', N'$2a$09$0pdOwm9DeoVbjPpfCrZ77eAgg8JJhyXLcYSUJamfSF4pBKU9rBuPC', N'hci_test3', '11', '5'),
('14', N'admin', '2019-07-08 01:36:45.5666667', N'admin', '2019-07-08 01:36:45.5666667', N'diy_test1@diy.com', N'diy_test1', N'$2a$09$0pdOwm9DeoVbjPpfCrZ77eAgg8JJhyXLcYSUJamfSF4pBKU9rBuPC', N'diy_test1', '12', '4'),
('15', N'admin', '2019-07-08 01:36:45.5666667', N'admin', '2019-07-08 01:36:45.5666667', N'diy_test2@diy.com', N'diy_test2', N'$2a$09$0pdOwm9DeoVbjPpfCrZ77eAgg8JJhyXLcYSUJamfSF4pBKU9rBuPC', N'diy_test2', '12', '4'),
('16', N'admin', '2019-07-08 01:36:45.5666667', N'admin', '2019-07-08 01:36:45.5666667', N'diy_test3@diy.com', N'diy_test3', N'$2a$09$0pdOwm9DeoVbjPpfCrZ77eAgg8JJhyXLcYSUJamfSF4pBKU9rBuPC', N'diy_test3', '12', '5'),
('17', N'admin', '2019-07-08 01:36:45.5666667', N'admin', '2019-07-08 01:36:45.5666667', N'techno_test1@techno.com', N'techno_test1', N'$2a$09$0pdOwm9DeoVbjPpfCrZ77eAgg8JJhyXLcYSUJamfSF4pBKU9rBuPC', N'techno_test1', '13', '4'),
('18', N'admin', '2019-07-08 01:36:45.5666667', N'admin', '2019-07-08 01:36:45.5666667', N'techno_test2@techno.com', N'techno_test2', N'$2a$09$0pdOwm9DeoVbjPpfCrZ77eAgg8JJhyXLcYSUJamfSF4pBKU9rBuPC', N'techno_test2', '13', '4'),
('19', N'admin', '2019-07-08 01:36:45.5666667', N'admin', '2019-07-08 01:36:45.5666667', N'techno_test3@techno.com', N'techno_test3', N'$2a$09$0pdOwm9DeoVbjPpfCrZ77eAgg8JJhyXLcYSUJamfSF4pBKU9rBuPC', N'techno_test3', '13', '5'),
('20', N'admin', '2019-12-04 10:32:30.7466667', N'admin', '2019-12-04 10:32:30.7466667', N'sendhiprasetyo@gmail.com', N'Sendhi Bayu Prasetyo Adhi', N'$2a$10$PO4focqyTUGizuKuaUbGa.we0AIDn6P6xe0uRlLj8kKGhd.jiQqbu', N'sendhiprasetyo@gmail.com', '14', '4'),
('21', N'admin', '2019-12-04 10:32:30.7466667', N'admin', '2019-12-04 10:32:30.7466667', N'dplksetia@yahoo.com', N'DPLK Setia', N'$2a$10$PO4focqyTUGizuKuaUbGa.we0AIDn6P6xe0uRlLj8kKGhd.jiQqbu', N'dplksetia@yahoo.com', '14', '4'),
('22', N'admin', '2020-01-13 03:28:50.7666667', N'admin', '2020-01-13 03:28:50.7666667', N'fauziah.putri09@homecredit.co.id', N'Fauziah Putri', N'$2a$10$udhm5u04vgrGnPVuPqlUOuYNbmsxcmk/YNoKka6hcWjfqGES0SHiW', N'fauziah.putri09@homecredit.co.id', '11', '3'),
('23', N'admin', '2020-01-13 03:40:47.9433333', N'admin', '2020-01-13 03:40:47.9433333', N'jodi.kala@homecredit.co.id', N'Jodi Kala', N'$2a$10$udhm5u04vgrGnPVuPqlUOuYNbmsxcmk/YNoKka6hcWjfqGES0SHiW', N'jodi.kala@homecredit.co.id', '11', '3'),
('24', N'admin', '2020-01-13 03:40:47.9433333', N'admin', '2020-01-13 03:40:47.9433333', N'bonar.silalahi01@homecredit.co.id', N'Bonar Silalahi', N'$2a$10$udhm5u04vgrGnPVuPqlUOuYNbmsxcmk/YNoKka6hcWjfqGES0SHiW', N'bonar.silalahi01@homecredit.co.id', '11', '3'),
('25', N'admin', '2020-01-13 03:40:47.9433333', N'admin', '2020-01-13 03:40:47.9433333', N'danny.tanoto@homecredit.co.id', N'Danny Tanoto', N'$2a$10$udhm5u04vgrGnPVuPqlUOuYNbmsxcmk/YNoKka6hcWjfqGES0SHiW', N'danny.tanoto@homecredit.co.id', '11', '3'),
('26', N'admin', '2020-01-13 03:40:47.9433333', N'admin', '2020-01-13 03:40:47.9433333', N'noviya.z@homecredit.co.id', N'Noviya Z', N'$2a$10$udhm5u04vgrGnPVuPqlUOuYNbmsxcmk/YNoKka6hcWjfqGES0SHiW', N'noviya.z@homecredit.co.id', '11', '3'),
('27', N'admin', '2020-01-13 03:40:47.9433333', N'admin', '2020-01-13 03:40:47.9433333', N'eka.susanto@homecredit.co.id', N'Eka Susanto', N'$2a$10$udhm5u04vgrGnPVuPqlUOuYNbmsxcmk/YNoKka6hcWjfqGES0SHiW', N'eka.susanto@homecredit.co.id', '11', '3'),
('28', N'admin', '2020-01-13 03:40:47.9433333', N'admin', '2020-01-13 03:40:47.9433333', N'dewi.hidayah@homecredit.co.id', N'Dewi Ambar Hidayah', N'$2a$10$udhm5u04vgrGnPVuPqlUOuYNbmsxcmk/YNoKka6hcWjfqGES0SHiW', N'dewi.hidayah@homecredit.co.id', '11', '3'),
('29', N'admin', '2020-01-13 03:40:47.9433333', N'admin', '2020-01-13 03:40:47.9433333', N'ricky.wibowo01@homecredit.co.id', N'Ricky Wibowo', N'$2a$10$udhm5u04vgrGnPVuPqlUOuYNbmsxcmk/YNoKka6hcWjfqGES0SHiW', N'ricky.wibowo01@homecredit.co.id', '11', '3'),
('30', N'admin', '2020-01-13 03:40:47.9433333', N'admin', '2020-01-13 03:40:47.9433333', N'ninik.mulyani@homecredit.co.id', N'Nunik Mulyani', N'$2a$10$udhm5u04vgrGnPVuPqlUOuYNbmsxcmk/YNoKka6hcWjfqGES0SHiW', N'ninik.mulyani@homecredit.co.id', '11', '3'),
('37', N'admin', '2020-02-05 10:02:38.2033333', N'admin', '2020-02-05 10:02:38.2033333', N'dplk1@gmail.com', N'DPLK Dummy 1', N'$2a$10$PO4focqyTUGizuKuaUbGa.we0AIDn6P6xe0uRlLj8kKGhd.jiQqbu', N'dplk1@gmail.com', '14', '4'),
('42', N'admin', '2020-02-05 10:04:09.9233333', N'admin', '2020-02-05 10:04:09.9233333', N'dplk2@gmail.com', N'DPLK Dummy 2', N'$2a$10$PO4focqyTUGizuKuaUbGa.we0AIDn6P6xe0uRlLj8kKGhd.jiQqbu', N'dplk2@gmail.com', '14', '4'),
('43', N'admin', '2020-02-05 10:04:22.6500000', N'admin', '2020-02-05 10:04:22.6500000', N'dplk3@gmail.com', N'DPLK Dummy 3', N'$2a$10$PO4focqyTUGizuKuaUbGa.we0AIDn6P6xe0uRlLj8kKGhd.jiQqbu', N'dplk3@gmail.com', '14', '4'),
('44', N'admin', '2020-02-05 10:04:22.7700000', N'admin', '2020-02-05 10:04:22.7700000', N'dplk4@gmail.com', N'DPLK Dummy 4', N'$2a$10$PO4focqyTUGizuKuaUbGa.we0AIDn6P6xe0uRlLj8kKGhd.jiQqbu', N'dplk4@gmail.com', '14', '4'),
('49', N'admin', '2020-03-17 03:21:28.7200000', N'admin', '2020-03-17 03:21:28.7200000', N'abi.bayu@equity.id', N'Abi Bayu', N'$2a$10$xs0Gi.CT7tT4IMIy0Fh.Oed289VjmGDb8GtkeH22eTp7n9l5Uy7Eu', N'abi.bayu@equity.id', '11', '3'),
('50', N'admin', '2020-03-17 03:21:28.7800000', N'admin', '2020-03-17 03:21:28.7800000', N'andrey.artanto@equity.id', N'Abi Bayu', N'$2a$10$xs0Gi.CT7tT4IMIy0Fh.Oed289VjmGDb8GtkeH22eTp7n9l5Uy7Eu', N'andrey.artanto@equity.id', '11', '3');

